Unnamed: 0,Game,ReleaseDate,Genre,TotalEarnings,OfflineEarnings,PercentOffline,TotalPlayers,TotalTournaments,Country,Date,Earnings,Players,Tournaments
1987,Call of Duty,2003-01-01,First-Person Shooter,54799.77,54799.77,1.0,66,4,United States of America,2004-08-01,50000.0,51.0,1.0
1988,Call of Duty,2003-01-01,First-Person Shooter,54799.77,54799.77,1.0,66,4,United States of America,2005-08-01,629.77,0.0,1.0
1989,Call of Duty,2003-01-01,First-Person Shooter,54799.77,54799.77,1.0,66,4,United States of America,2006-03-01,4170.0,15.0,1.0
3044,Overwatch,2016-01-01,First-Person Shooter,34616725.38,18840032.08,0.544246513013184,4047,835,United States of America,2015-11-01,760.0,37.0,5.0
3045,Overwatch,2016-01-01,First-Person Shooter,34616725.38,18840032.08,0.544246513013184,4047,835,United States of America,2015-12-01,2560.0,24.0,5.0
3046,Overwatch,2016-01-01,First-Person Shooter,34616725.38,18840032.08,0.544246513013184,4047,835,United States of America,2016-02-01,3247.45,61.0,11.0
3047,Overwatch,2016-01-01,First-Person Shooter,34616725.38,18840032.08,0.544246513013184,4047,835,United States of America,2016-03-01,9140.12,62.0,13.0
3048,Overwatch,2016-01-01,First-Person Shooter,34616725.38,18840032.08,0.544246513013184,4047,835,United States of America,2016-04-01,9705.99,53.0,12.0
3049,Overwatch,2016-01-01,First-Person Shooter,34616725.38,18840032.08,0.544246513013184,4047,835,United States of America,2016-05-01,26397.62,96.0,11.0
3050,Overwatch,2016-01-01,First-Person Shooter,34616725.38,18840032.08,0.544246513013184,4047,835,United States of America,2016-06-01,60633.61,98.0,26.0
3051,Overwatch,2016-01-01,First-Person Shooter,34616725.38,18840032.08,0.544246513013184,4047,835,United States of America,2016-07-01,156328.29,326.0,41.0
3052,Overwatch,2016-01-01,First-Person Shooter,34616725.38,18840032.08,0.544246513013184,4047,835,United States of America,2016-08-01,163282.62,221.0,30.0
3053,Overwatch,2016-01-01,First-Person Shooter,34616725.38,18840032.08,0.544246513013184,4047,835,United States of America,2016-09-01,379570.85,271.0,28.0
3054,Overwatch,2016-01-01,First-Person Shooter,34616725.38,18840032.08,0.544246513013184,4047,835,United States of America,2016-10-01,371307.85,363.0,29.0
3055,Overwatch,2016-01-01,First-Person Shooter,34616725.38,18840032.08,0.544246513013184,4047,835,United States of America,2016-11-01,377891.9,429.0,29.0
3056,Overwatch,2016-01-01,First-Person Shooter,34616725.38,18840032.08,0.544246513013184,4047,835,United States of America,2016-12-01,461236.07,447.0,38.0
3057,Overwatch,2016-01-01,First-Person Shooter,34616725.38,18840032.08,0.544246513013184,4047,835,United States of America,2017-01-01,231537.0,327.0,29.0
3058,Overwatch,2016-01-01,First-Person Shooter,34616725.38,18840032.08,0.544246513013184,4047,835,United States of America,2017-02-01,70594.81,303.0,33.0
3059,Overwatch,2016-01-01,First-Person Shooter,34616725.38,18840032.08,0.544246513013184,4047,835,United States of America,2017-03-01,108385.88,471.0,32.0
3060,Overwatch,2016-01-01,First-Person Shooter,34616725.38,18840032.08,0.544246513013184,4047,835,United States of America,2017-04-01,317627.56,427.0,38.0
3061,Overwatch,2016-01-01,First-Person Shooter,34616725.38,18840032.08,0.544246513013184,4047,835,United States of America,2017-05-01,68135.63,255.0,24.0
3062,Overwatch,2016-01-01,First-Person Shooter,34616725.38,18840032.08,0.544246513013184,4047,835,United States of America,2017-06-01,199238.06,260.0,27.0
3063,Overwatch,2016-01-01,First-Person Shooter,34616725.38,18840032.08,0.544246513013184,4047,835,United States of America,2017-07-01,822189.13,497.0,25.0
3064,Overwatch,2016-01-01,First-Person Shooter,34616725.38,18840032.08,0.544246513013184,4047,835,United States of America,2017-08-01,177033.63,220.0,22.0
3065,Overwatch,2016-01-01,First-Person Shooter,34616725.38,18840032.08,0.544246513013184,4047,835,United States of America,2017-09-01,182938.46,154.0,13.0
3066,Overwatch,2016-01-01,First-Person Shooter,34616725.38,18840032.08,0.544246513013184,4047,835,United States of America,2017-10-01,1133563.8,398.0,19.0
3067,Overwatch,2016-01-01,First-Person Shooter,34616725.38,18840032.08,0.544246513013184,4047,835,United States of America,2017-11-01,153068.66,195.0,16.0
3068,Overwatch,2016-01-01,First-Person Shooter,34616725.38,18840032.08,0.544246513013184,4047,835,United States of America,2017-12-01,24845.39,58.0,7.0
3069,Overwatch,2016-01-01,First-Person Shooter,34616725.38,18840032.08,0.544246513013184,4047,835,United States of America,2018-01-01,2297.01,50.0,8.0
3070,Overwatch,2016-01-01,First-Person Shooter,34616725.38,18840032.08,0.544246513013184,4047,835,United States of America,2018-02-01,202003.51,225.0,14.0
3071,Overwatch,2016-01-01,First-Person Shooter,34616725.38,18840032.08,0.544246513013184,4047,835,United States of America,2018-03-01,166192.37,207.0,13.0
3072,Overwatch,2016-01-01,First-Person Shooter,34616725.38,18840032.08,0.544246513013184,4047,835,United States of America,2018-04-01,85483.4,181.0,13.0
3073,Overwatch,2016-01-01,First-Person Shooter,34616725.38,18840032.08,0.544246513013184,4047,835,United States of America,2018-05-01,1065899.1,600.0,14.0
3074,Overwatch,2016-01-01,First-Person Shooter,34616725.38,18840032.08,0.544246513013184,4047,835,United States of America,2018-06-01,1538448.0,500.0,17.0
3075,Overwatch,2016-01-01,First-Person Shooter,34616725.38,18840032.08,0.544246513013184,4047,835,United States of America,2018-07-01,1703190.2,103.0,8.0
3076,Overwatch,2016-01-01,First-Person Shooter,34616725.38,18840032.08,0.544246513013184,4047,835,United States of America,2018-08-01,490103.01,286.0,9.0
3077,Overwatch,2016-01-01,First-Person Shooter,34616725.38,18840032.08,0.544246513013184,4047,835,United States of America,2018-09-01,1169777.84,559.0,12.0
3078,Overwatch,2016-01-01,First-Person Shooter,34616725.38,18840032.08,0.544246513013184,4047,835,United States of America,2018-10-01,47343.89,248.0,9.0
3079,Overwatch,2016-01-01,First-Person Shooter,34616725.38,18840032.08,0.544246513013184,4047,835,United States of America,2018-11-01,143008.0,119.0,2.0
3080,Overwatch,2016-01-01,First-Person Shooter,34616725.38,18840032.08,0.544246513013184,4047,835,United States of America,2018-12-01,1800.0,27.0,1.0
3081,Overwatch,2016-01-01,First-Person Shooter,34616725.38,18840032.08,0.544246513013184,4047,835,United States of America,2019-01-01,1035800.98,602.0,11.0
3082,Overwatch,2016-01-01,First-Person Shooter,34616725.38,18840032.08,0.544246513013184,4047,835,United States of America,2019-02-01,25685.9,27.0,3.0
3083,Overwatch,2016-01-01,First-Person Shooter,34616725.38,18840032.08,0.544246513013184,4047,835,United States of America,2019-03-01,511801.18,135.0,5.0
3084,Overwatch,2016-01-01,First-Person Shooter,34616725.38,18840032.08,0.544246513013184,4047,835,United States of America,2019-04-01,12893.02,24.0,2.0
3085,Overwatch,2016-01-01,First-Person Shooter,34616725.38,18840032.08,0.544246513013184,4047,835,United States of America,2019-05-01,1956577.2,520.0,11.0
3086,Overwatch,2016-01-01,First-Person Shooter,34616725.38,18840032.08,0.544246513013184,4047,835,United States of America,2019-06-01,191229.0,123.0,5.0
3087,Overwatch,2016-01-01,First-Person Shooter,34616725.38,18840032.08,0.544246513013184,4047,835,United States of America,2019-07-01,506454.51,111.0,3.0
3088,Overwatch,2016-01-01,First-Person Shooter,34616725.38,18840032.08,0.544246513013184,4047,835,United States of America,2019-08-01,1031180.64,422.0,8.0
3089,Overwatch,2016-01-01,First-Person Shooter,34616725.38,18840032.08,0.544246513013184,4047,835,United States of America,2019-09-01,3811048.85,212.0,5.0
3090,Overwatch,2016-01-01,First-Person Shooter,34616725.38,18840032.08,0.544246513013184,4047,835,United States of America,2019-10-01,382478.37,264.0,5.0
3091,Overwatch,2016-01-01,First-Person Shooter,34616725.38,18840032.08,0.544246513013184,4047,835,United States of America,2019-11-01,113497.2,119.0,3.0
3092,Overwatch,2016-01-01,First-Person Shooter,34616725.38,18840032.08,0.544246513013184,4047,835,United States of America,2019-12-01,15000.0,12.0,1.0
3093,Overwatch,2016-01-01,First-Person Shooter,34616725.38,18840032.08,0.544246513013184,4047,835,United States of America,2020-01-01,11862.0,39.0,2.0
3094,Overwatch,2016-01-01,First-Person Shooter,34616725.38,18840032.08,0.544246513013184,4047,835,United States of America,2020-02-01,984.0,13.0,1.0
3095,Overwatch,2016-01-01,First-Person Shooter,34616725.38,18840032.08,0.544246513013184,4047,835,United States of America,2020-04-01,21150.0,20.0,1.0
3096,Overwatch,2016-01-01,First-Person Shooter,34616725.38,18840032.08,0.544246513013184,4047,835,United States of America,2020-05-01,225000.0,120.0,2.0
3097,Overwatch,2016-01-01,First-Person Shooter,34616725.38,18840032.08,0.544246513013184,4047,835,United States of America,2020-06-01,1000000.0,266.0,7.0
3098,Overwatch,2016-01-01,First-Person Shooter,34616725.38,18840032.08,0.544246513013184,4047,835,United States of America,2020-07-01,310000.0,151.0,3.0
3099,Overwatch,2016-01-01,First-Person Shooter,34616725.38,18840032.08,0.544246513013184,4047,835,United States of America,2020-08-01,406375.0,277.0,7.0
3100,Overwatch,2016-01-01,First-Person Shooter,34616725.38,18840032.08,0.544246513013184,4047,835,United States of America,2020-09-01,1030000.0,216.0,5.0
3101,Overwatch,2016-01-01,First-Person Shooter,34616725.38,18840032.08,0.544246513013184,4047,835,United States of America,2020-10-01,3324500.0,179.0,3.0
3102,Overwatch,2016-01-01,First-Person Shooter,34616725.38,18840032.08,0.544246513013184,4047,835,United States of America,2020-11-01,177650.0,177.0,6.0
3103,Overwatch,2016-01-01,First-Person Shooter,34616725.38,18840032.08,0.544246513013184,4047,835,United States of America,2020-12-01,346000.0,234.0,3.0
3104,Overwatch,2016-01-01,First-Person Shooter,34616725.38,18840032.08,0.544246513013184,4047,835,United States of America,2021-01-01,10850.0,17.0,1.0
3105,Overwatch,2016-01-01,First-Person Shooter,34616725.38,18840032.08,0.544246513013184,4047,835,United States of America,2021-02-01,4000.0,56.0,2.0
3106,Overwatch,2016-01-01,First-Person Shooter,34616725.38,18840032.08,0.544246513013184,4047,835,United States of America,2021-03-01,5000.0,23.0,1.0
3107,Overwatch,2016-01-01,First-Person Shooter,34616725.38,18840032.08,0.544246513013184,4047,835,United States of America,2021-04-01,135000.0,152.0,3.0
3108,Overwatch,2016-01-01,First-Person Shooter,34616725.38,18840032.08,0.544246513013184,4047,835,United States of America,2021-05-01,657490.0,309.0,8.0
3109,Overwatch,2016-01-01,First-Person Shooter,34616725.38,18840032.08,0.544246513013184,4047,835,United States of America,2021-06-01,496900.0,191.0,5.0
3110,Overwatch,2016-01-01,First-Person Shooter,34616725.38,18840032.08,0.544246513013184,4047,835,United States of America,2021-07-01,308400.0,136.0,3.0
3111,Overwatch,2016-01-01,First-Person Shooter,34616725.38,18840032.08,0.544246513013184,4047,835,United States of America,2021-08-01,225000.0,34.0,1.0
3112,Overwatch,2016-01-01,First-Person Shooter,34616725.38,18840032.08,0.544246513013184,4047,835,United States of America,2021-09-01,3293400.0,196.0,4.0
3113,Overwatch,2016-01-01,First-Person Shooter,34616725.38,18840032.08,0.544246513013184,4047,835,United States of America,2021-10-01,488400.0,270.0,6.0
3114,Overwatch,2016-01-01,First-Person Shooter,34616725.38,18840032.08,0.544246513013184,4047,835,United States of America,2021-11-01,129028.0,84.0,3.0
3115,Overwatch,2016-01-01,First-Person Shooter,34616725.38,18840032.08,0.544246513013184,4047,835,United States of America,2021-12-01,88288.0,117.0,3.0
3116,Overwatch,2016-01-01,First-Person Shooter,34616725.38,18840032.08,0.544246513013184,4047,835,United States of America,2022-03-01,9125.0,27.0,2.0
3117,Overwatch,2016-01-01,First-Person Shooter,34616725.38,18840032.08,0.544246513013184,4047,835,United States of America,2022-04-01,166629.66,122.0,4.0
3118,Overwatch,2016-01-01,First-Person Shooter,34616725.38,18840032.08,0.544246513013184,4047,835,United States of America,2022-06-01,10000.0,43.0,2.0
3119,Overwatch,2016-01-01,First-Person Shooter,34616725.38,18840032.08,0.544246513013184,4047,835,United States of America,2022-08-01,5280.16,18.0,1.0
3120,Overwatch,2016-01-01,First-Person Shooter,34616725.38,18840032.08,0.544246513013184,4047,835,United States of America,2022-09-01,10000.0,30.0,1.0
4062,Dota 2,2013-01-01,Multiplayer Online Battle Arena,337107974.16,298290573.89,0.884851729281324,4784,1841,United States of America,2011-08-01,1600000.0,41.0,1.0
4063,Dota 2,2013-01-01,Multiplayer Online Battle Arena,337107974.16,298290573.89,0.884851729281324,4784,1841,United States of America,2011-10-01,22000.0,16.0,1.0
4064,Dota 2,2013-01-01,Multiplayer Online Battle Arena,337107974.16,298290573.89,0.884851729281324,4784,1841,United States of America,2011-11-01,20268.08,35.0,2.0
4065,Dota 2,2013-01-01,Multiplayer Online Battle Arena,337107974.16,298290573.89,0.884851729281324,4784,1841,United States of America,2011-12-01,30500.0,40.0,3.0
4066,Dota 2,2013-01-01,Multiplayer Online Battle Arena,337107974.16,298290573.89,0.884851729281324,4784,1841,United States of America,2012-02-01,2621.34,20.0,1.0
4067,Dota 2,2013-01-01,Multiplayer Online Battle Arena,337107974.16,298290573.89,0.884851729281324,4784,1841,United States of America,2012-03-01,42028.2,77.0,13.0
4068,Dota 2,2013-01-01,Multiplayer Online Battle Arena,337107974.16,298290573.89,0.884851729281324,4784,1841,United States of America,2012-04-01,20354.04,69.0,6.0
4069,Dota 2,2013-01-01,Multiplayer Online Battle Arena,337107974.16,298290573.89,0.884851729281324,4784,1841,United States of America,2012-05-01,8843.93,44.0,9.0
4070,Dota 2,2013-01-01,Multiplayer Online Battle Arena,337107974.16,298290573.89,0.884851729281324,4784,1841,United States of America,2012-06-01,36447.31,41.0,8.0
4071,Dota 2,2013-01-01,Multiplayer Online Battle Arena,337107974.16,298290573.89,0.884851729281324,4784,1841,United States of America,2012-07-01,41052.74,72.0,14.0
4072,Dota 2,2013-01-01,Multiplayer Online Battle Arena,337107974.16,298290573.89,0.884851729281324,4784,1841,United States of America,2012-08-01,43604.54,45.0,8.0
4073,Dota 2,2013-01-01,Multiplayer Online Battle Arena,337107974.16,298290573.89,0.884851729281324,4784,1841,United States of America,2012-09-01,1615721.38,66.0,7.0
4074,Dota 2,2013-01-01,Multiplayer Online Battle Arena,337107974.16,298290573.89,0.884851729281324,4784,1841,United States of America,2012-10-01,38042.42,71.0,7.0
4075,Dota 2,2013-01-01,Multiplayer Online Battle Arena,337107974.16,298290573.89,0.884851729281324,4784,1841,United States of America,2012-11-01,130845.7,82.0,12.0
4076,Dota 2,2013-01-01,Multiplayer Online Battle Arena,337107974.16,298290573.89,0.884851729281324,4784,1841,United States of America,2012-12-01,107533.25,78.0,11.0
4077,Dota 2,2013-01-01,Multiplayer Online Battle Arena,337107974.16,298290573.89,0.884851729281324,4784,1841,United States of America,2013-01-01,8135.99,15.0,3.0
4078,Dota 2,2013-01-01,Multiplayer Online Battle Arena,337107974.16,298290573.89,0.884851729281324,4784,1841,United States of America,2013-02-01,13141.28,79.0,11.0
4079,Dota 2,2013-01-01,Multiplayer Online Battle Arena,337107974.16,298290573.89,0.884851729281324,4784,1841,United States of America,2013-03-01,101861.58,122.0,15.0
4080,Dota 2,2013-01-01,Multiplayer Online Battle Arena,337107974.16,298290573.89,0.884851729281324,4784,1841,United States of America,2013-04-01,105160.27,94.0,13.0
4081,Dota 2,2013-01-01,Multiplayer Online Battle Arena,337107974.16,298290573.89,0.884851729281324,4784,1841,United States of America,2013-05-01,99589.92,102.0,10.0
4082,Dota 2,2013-01-01,Multiplayer Online Battle Arena,337107974.16,298290573.89,0.884851729281324,4784,1841,United States of America,2013-06-01,55753.35,85.0,7.0
4083,Dota 2,2013-01-01,Multiplayer Online Battle Arena,337107974.16,298290573.89,0.884851729281324,4784,1841,United States of America,2013-07-01,425214.0,195.0,18.0
4084,Dota 2,2013-01-01,Multiplayer Online Battle Arena,337107974.16,298290573.89,0.884851729281324,4784,1841,United States of America,2013-08-01,2903395.79,95.0,7.0
4085,Dota 2,2013-01-01,Multiplayer Online Battle Arena,337107974.16,298290573.89,0.884851729281324,4784,1841,United States of America,2013-09-01,37813.44,82.0,13.0
4086,Dota 2,2013-01-01,Multiplayer Online Battle Arena,337107974.16,298290573.89,0.884851729281324,4784,1841,United States of America,2013-10-01,64237.32,55.0,6.0
4087,Dota 2,2013-01-01,Multiplayer Online Battle Arena,337107974.16,298290573.89,0.884851729281324,4784,1841,United States of America,2013-11-01,484692.96,132.0,17.0
4088,Dota 2,2013-01-01,Multiplayer Online Battle Arena,337107974.16,298290573.89,0.884851729281324,4784,1841,United States of America,2013-12-01,249285.08,227.0,14.0
4089,Dota 2,2013-01-01,Multiplayer Online Battle Arena,337107974.16,298290573.89,0.884851729281324,4784,1841,United States of America,2014-01-01,537172.02,62.0,9.0
4090,Dota 2,2013-01-01,Multiplayer Online Battle Arena,337107974.16,298290573.89,0.884851729281324,4784,1841,United States of America,2014-02-01,109103.95,80.0,9.0
4091,Dota 2,2013-01-01,Multiplayer Online Battle Arena,337107974.16,298290573.89,0.884851729281324,4784,1841,United States of America,2014-03-01,39847.26,49.0,5.0
4092,Dota 2,2013-01-01,Multiplayer Online Battle Arena,337107974.16,298290573.89,0.884851729281324,4784,1841,United States of America,2014-04-01,611868.16,216.0,20.0
4093,Dota 2,2013-01-01,Multiplayer Online Battle Arena,337107974.16,298290573.89,0.884851729281324,4784,1841,United States of America,2014-05-01,50002.17,101.0,7.0
4094,Dota 2,2013-01-01,Multiplayer Online Battle Arena,337107974.16,298290573.89,0.884851729281324,4784,1841,United States of America,2014-06-01,1153704.61,210.0,19.0
4095,Dota 2,2013-01-01,Multiplayer Online Battle Arena,337107974.16,298290573.89,0.884851729281324,4784,1841,United States of America,2014-07-01,10942434.87,131.0,9.0
4096,Dota 2,2013-01-01,Multiplayer Online Battle Arena,337107974.16,298290573.89,0.884851729281324,4784,1841,United States of America,2014-08-01,42422.07,87.0,8.0
4097,Dota 2,2013-01-01,Multiplayer Online Battle Arena,337107974.16,298290573.89,0.884851729281324,4784,1841,United States of America,2014-09-01,653064.9,160.0,13.0
4098,Dota 2,2013-01-01,Multiplayer Online Battle Arena,337107974.16,298290573.89,0.884851729281324,4784,1841,United States of America,2014-10-01,1006807.68,201.0,14.0
4099,Dota 2,2013-01-01,Multiplayer Online Battle Arena,337107974.16,298290573.89,0.884851729281324,4784,1841,United States of America,2014-11-01,391651.25,163.0,9.0
4100,Dota 2,2013-01-01,Multiplayer Online Battle Arena,337107974.16,298290573.89,0.884851729281324,4784,1841,United States of America,2014-12-01,1070101.65,302.0,28.0
4101,Dota 2,2013-01-01,Multiplayer Online Battle Arena,337107974.16,298290573.89,0.884851729281324,4784,1841,United States of America,2015-01-01,345579.13,200.0,15.0
4102,Dota 2,2013-01-01,Multiplayer Online Battle Arena,337107974.16,298290573.89,0.884851729281324,4784,1841,United States of America,2015-02-01,3088520.01,142.0,8.0
4103,Dota 2,2013-01-01,Multiplayer Online Battle Arena,337107974.16,298290573.89,0.884851729281324,4784,1841,United States of America,2015-03-01,143801.15,153.0,14.0
4104,Dota 2,2013-01-01,Multiplayer Online Battle Arena,337107974.16,298290573.89,0.884851729281324,4784,1841,United States of America,2015-04-01,321125.48,235.0,30.0
4105,Dota 2,2013-01-01,Multiplayer Online Battle Arena,337107974.16,298290573.89,0.884851729281324,4784,1841,United States of America,2015-05-01,1149751.95,317.0,29.0
4106,Dota 2,2013-01-01,Multiplayer Online Battle Arena,337107974.16,298290573.89,0.884851729281324,4784,1841,United States of America,2015-06-01,1071907.2,258.0,22.0
4107,Dota 2,2013-01-01,Multiplayer Online Battle Arena,337107974.16,298290573.89,0.884851729281324,4784,1841,United States of America,2015-07-01,583115.71,264.0,18.0
4108,Dota 2,2013-01-01,Multiplayer Online Battle Arena,337107974.16,298290573.89,0.884851729281324,4784,1841,United States of America,2015-08-01,18463252.88,196.0,16.0
4109,Dota 2,2013-01-01,Multiplayer Online Battle Arena,337107974.16,298290573.89,0.884851729281324,4784,1841,United States of America,2015-09-01,146011.16,175.0,12.0
4110,Dota 2,2013-01-01,Multiplayer Online Battle Arena,337107974.16,298290573.89,0.884851729281324,4784,1841,United States of America,2015-10-01,728072.42,211.0,18.0
4111,Dota 2,2013-01-01,Multiplayer Online Battle Arena,337107974.16,298290573.89,0.884851729281324,4784,1841,United States of America,2015-11-01,3523821.23,285.0,22.0
4112,Dota 2,2013-01-01,Multiplayer Online Battle Arena,337107974.16,298290573.89,0.884851729281324,4784,1841,United States of America,2015-12-01,1471862.14,294.0,23.0
4113,Dota 2,2013-01-01,Multiplayer Online Battle Arena,337107974.16,298290573.89,0.884851729281324,4784,1841,United States of America,2016-01-01,684021.02,196.0,14.0
4114,Dota 2,2013-01-01,Multiplayer Online Battle Arena,337107974.16,298290573.89,0.884851729281324,4784,1841,United States of America,2016-02-01,259451.93,203.0,19.0
4115,Dota 2,2013-01-01,Multiplayer Online Battle Arena,337107974.16,298290573.89,0.884851729281324,4784,1841,United States of America,2016-03-01,3242298.94,171.0,13.0
4116,Dota 2,2013-01-01,Multiplayer Online Battle Arena,337107974.16,298290573.89,0.884851729281324,4784,1841,United States of America,2016-04-01,450127.1,168.0,14.0
4117,Dota 2,2013-01-01,Multiplayer Online Battle Arena,337107974.16,298290573.89,0.884851729281324,4784,1841,United States of America,2016-05-01,1054186.63,215.0,10.0
4118,Dota 2,2013-01-01,Multiplayer Online Battle Arena,337107974.16,298290573.89,0.884851729281324,4784,1841,United States of America,2016-06-01,3319441.92,140.0,5.0
4119,Dota 2,2013-01-01,Multiplayer Online Battle Arena,337107974.16,298290573.89,0.884851729281324,4784,1841,United States of America,2016-07-01,1309745.81,340.0,20.0
4120,Dota 2,2013-01-01,Multiplayer Online Battle Arena,337107974.16,298290573.89,0.884851729281324,4784,1841,United States of America,2016-08-01,20858599.5,160.0,6.0
4121,Dota 2,2013-01-01,Multiplayer Online Battle Arena,337107974.16,298290573.89,0.884851729281324,4784,1841,United States of America,2016-09-01,208035.2,157.0,9.0
4122,Dota 2,2013-01-01,Multiplayer Online Battle Arena,337107974.16,298290573.89,0.884851729281324,4784,1841,United States of America,2016-10-01,645307.65,231.0,14.0
4123,Dota 2,2013-01-01,Multiplayer Online Battle Arena,337107974.16,298290573.89,0.884851729281324,4784,1841,United States of America,2016-11-01,764842.75,286.0,17.0
4124,Dota 2,2013-01-01,Multiplayer Online Battle Arena,337107974.16,298290573.89,0.884851729281324,4784,1841,United States of America,2016-12-01,4667978.88,268.0,12.0
4125,Dota 2,2013-01-01,Multiplayer Online Battle Arena,337107974.16,298290573.89,0.884851729281324,4784,1841,United States of America,2017-01-01,1943033.97,201.0,11.0
4126,Dota 2,2013-01-01,Multiplayer Online Battle Arena,337107974.16,298290573.89,0.884851729281324,4784,1841,United States of America,2017-02-01,339752.25,111.0,7.0
4127,Dota 2,2013-01-01,Multiplayer Online Battle Arena,337107974.16,298290573.89,0.884851729281324,4784,1841,United States of America,2017-03-01,65944.0,120.0,13.0
4128,Dota 2,2013-01-01,Multiplayer Online Battle Arena,337107974.16,298290573.89,0.884851729281324,4784,1841,United States of America,2017-04-01,3800394.59,319.0,19.0
4129,Dota 2,2013-01-01,Multiplayer Online Battle Arena,337107974.16,298290573.89,0.884851729281324,4784,1841,United States of America,2017-05-01,515118.41,245.0,13.0
4130,Dota 2,2013-01-01,Multiplayer Online Battle Arena,337107974.16,298290573.89,0.884851729281324,4784,1841,United States of America,2017-06-01,876130.64,209.0,10.0
4131,Dota 2,2013-01-01,Multiplayer Online Battle Arena,337107974.16,298290573.89,0.884851729281324,4784,1841,United States of America,2017-07-01,568000.28,243.0,11.0
4132,Dota 2,2013-01-01,Multiplayer Online Battle Arena,337107974.16,298290573.89,0.884851729281324,4784,1841,United States of America,2017-08-01,24824809.87,214.0,15.0
4133,Dota 2,2013-01-01,Multiplayer Online Battle Arena,337107974.16,298290573.89,0.884851729281324,4784,1841,United States of America,2017-09-01,106255.52,130.0,12.0
4134,Dota 2,2013-01-01,Multiplayer Online Battle Arena,337107974.16,298290573.89,0.884851729281324,4784,1841,United States of America,2017-10-01,1968346.47,306.0,22.0
4135,Dota 2,2013-01-01,Multiplayer Online Battle Arena,337107974.16,298290573.89,0.884851729281324,4784,1841,United States of America,2017-11-01,1184832.4,306.0,19.0
4136,Dota 2,2013-01-01,Multiplayer Online Battle Arena,337107974.16,298290573.89,0.884851729281324,4784,1841,United States of America,2017-12-01,1881980.92,262.0,15.0
4137,Dota 2,2013-01-01,Multiplayer Online Battle Arena,337107974.16,298290573.89,0.884851729281324,4784,1841,United States of America,2018-01-01,1429929.6,216.0,11.0
4138,Dota 2,2013-01-01,Multiplayer Online Battle Arena,337107974.16,298290573.89,0.884851729281324,4784,1841,United States of America,2018-02-01,1470636.47,192.0,9.0
4139,Dota 2,2013-01-01,Multiplayer Online Battle Arena,337107974.16,298290573.89,0.884851729281324,4784,1841,United States of America,2018-03-01,3138584.99,274.0,14.0
4140,Dota 2,2013-01-01,Multiplayer Online Battle Arena,337107974.16,298290573.89,0.884851729281324,4784,1841,United States of America,2018-04-01,1576985.88,309.0,14.0
4141,Dota 2,2013-01-01,Multiplayer Online Battle Arena,337107974.16,298290573.89,0.884851729281324,4784,1841,United States of America,2018-05-01,3365918.69,239.0,18.0
4142,Dota 2,2013-01-01,Multiplayer Online Battle Arena,337107974.16,298290573.89,0.884851729281324,4784,1841,United States of America,2018-06-01,1637497.41,216.0,10.0
4143,Dota 2,2013-01-01,Multiplayer Online Battle Arena,337107974.16,298290573.89,0.884851729281324,4784,1841,United States of America,2018-07-01,159330.91,148.0,10.0
4144,Dota 2,2013-01-01,Multiplayer Online Battle Arena,337107974.16,298290573.89,0.884851729281324,4784,1841,United States of America,2018-08-01,25584943.71,191.0,12.0
4145,Dota 2,2013-01-01,Multiplayer Online Battle Arena,337107974.16,298290573.89,0.884851729281324,4784,1841,United States of America,2018-09-01,37146.0,113.0,10.0
4146,Dota 2,2013-01-01,Multiplayer Online Battle Arena,337107974.16,298290573.89,0.884851729281324,4784,1841,United States of America,2018-10-01,1099581.5,465.0,32.0
4147,Dota 2,2013-01-01,Multiplayer Online Battle Arena,337107974.16,298290573.89,0.884851729281324,4784,1841,United States of America,2018-11-01,1435905.88,291.0,16.0
4148,Dota 2,2013-01-01,Multiplayer Online Battle Arena,337107974.16,298290573.89,0.884851729281324,4784,1841,United States of America,2018-12-01,600329.82,333.0,25.0
4149,Dota 2,2013-01-01,Multiplayer Online Battle Arena,337107974.16,298290573.89,0.884851729281324,4784,1841,United States of America,2019-01-01,1503477.01,237.0,14.0
4150,Dota 2,2013-01-01,Multiplayer Online Battle Arena,337107974.16,298290573.89,0.884851729281324,4784,1841,United States of America,2019-02-01,833701.96,180.0,8.0
4151,Dota 2,2013-01-01,Multiplayer Online Battle Arena,337107974.16,298290573.89,0.884851729281324,4784,1841,United States of America,2019-03-01,2375413.65,335.0,22.0
4152,Dota 2,2013-01-01,Multiplayer Online Battle Arena,337107974.16,298290573.89,0.884851729281324,4784,1841,United States of America,2019-04-01,875430.28,212.0,19.0
4153,Dota 2,2013-01-01,Multiplayer Online Battle Arena,337107974.16,298290573.89,0.884851729281324,4784,1841,United States of America,2019-05-01,1153882.77,202.0,13.0
4154,Dota 2,2013-01-01,Multiplayer Online Battle Arena,337107974.16,298290573.89,0.884851729281324,4784,1841,United States of America,2019-06-01,1917702.02,482.0,27.0
4155,Dota 2,2013-01-01,Multiplayer Online Battle Arena,337107974.16,298290573.89,0.884851729281324,4784,1841,United States of America,2019-07-01,319167.75,166.0,12.0
4156,Dota 2,2013-01-01,Multiplayer Online Battle Arena,337107974.16,298290573.89,0.884851729281324,4784,1841,United States of America,2019-08-01,34460762.14,422.0,28.0
4157,Dota 2,2013-01-01,Multiplayer Online Battle Arena,337107974.16,298290573.89,0.884851729281324,4784,1841,United States of America,2019-09-01,416160.29,348.0,35.0
4158,Dota 2,2013-01-01,Multiplayer Online Battle Arena,337107974.16,298290573.89,0.884851729281324,4784,1841,United States of America,2019-10-01,860345.5,236.0,14.0
4159,Dota 2,2013-01-01,Multiplayer Online Battle Arena,337107974.16,298290573.89,0.884851729281324,4784,1841,United States of America,2019-11-01,1566187.63,306.0,20.0
4160,Dota 2,2013-01-01,Multiplayer Online Battle Arena,337107974.16,298290573.89,0.884851729281324,4784,1841,United States of America,2019-12-01,804986.0,263.0,20.0
4161,Dota 2,2013-01-01,Multiplayer Online Battle Arena,337107974.16,298290573.89,0.884851729281324,4784,1841,United States of America,2020-01-01,1419035.6,216.0,9.0
4162,Dota 2,2013-01-01,Multiplayer Online Battle Arena,337107974.16,298290573.89,0.884851729281324,4784,1841,United States of America,2020-02-01,358087.0,65.0,4.0
4163,Dota 2,2013-01-01,Multiplayer Online Battle Arena,337107974.16,298290573.89,0.884851729281324,4784,1841,United States of America,2020-03-01,908184.48,233.0,18.0
4164,Dota 2,2013-01-01,Multiplayer Online Battle Arena,337107974.16,298290573.89,0.884851729281324,4784,1841,United States of America,2020-04-01,623956.0,345.0,20.0
4165,Dota 2,2013-01-01,Multiplayer Online Battle Arena,337107974.16,298290573.89,0.884851729281324,4784,1841,United States of America,2020-05-01,1155794.17,381.0,24.0
4166,Dota 2,2013-01-01,Multiplayer Online Battle Arena,337107974.16,298290573.89,0.884851729281324,4784,1841,United States of America,2020-06-01,967509.21,329.0,16.0
4167,Dota 2,2013-01-01,Multiplayer Online Battle Arena,337107974.16,298290573.89,0.884851729281324,4784,1841,United States of America,2020-07-01,680258.0,234.0,8.0
4168,Dota 2,2013-01-01,Multiplayer Online Battle Arena,337107974.16,298290573.89,0.884851729281324,4784,1841,United States of America,2020-08-01,245444.74,222.0,11.0
4169,Dota 2,2013-01-01,Multiplayer Online Battle Arena,337107974.16,298290573.89,0.884851729281324,4784,1841,United States of America,2020-09-01,1083618.14,366.0,15.0
4170,Dota 2,2013-01-01,Multiplayer Online Battle Arena,337107974.16,298290573.89,0.884851729281324,4784,1841,United States of America,2020-10-01,267634.1,202.0,7.0
4171,Dota 2,2013-01-01,Multiplayer Online Battle Arena,337107974.16,298290573.89,0.884851729281324,4784,1841,United States of America,2020-11-01,1190619.5,470.0,28.0
4172,Dota 2,2013-01-01,Multiplayer Online Battle Arena,337107974.16,298290573.89,0.884851729281324,4784,1841,United States of America,2020-12-01,1226435.53,355.0,14.0
4173,Dota 2,2013-01-01,Multiplayer Online Battle Arena,337107974.16,298290573.89,0.884851729281324,4784,1841,United States of America,2021-01-01,72130.86,134.0,6.0
4174,Dota 2,2013-01-01,Multiplayer Online Battle Arena,337107974.16,298290573.89,0.884851729281324,4784,1841,United States of America,2021-02-01,1450000.0,376.0,11.0
4175,Dota 2,2013-01-01,Multiplayer Online Battle Arena,337107974.16,298290573.89,0.884851729281324,4784,1841,United States of America,2021-03-01,502955.16,288.0,11.0
4176,Dota 2,2013-01-01,Multiplayer Online Battle Arena,337107974.16,298290573.89,0.884851729281324,4784,1841,United States of America,2021-04-01,676000.0,130.0,6.0
4177,Dota 2,2013-01-01,Multiplayer Online Battle Arena,337107974.16,298290573.89,0.884851729281324,4784,1841,United States of America,2021-05-01,1751352.54,518.0,15.0
4178,Dota 2,2013-01-01,Multiplayer Online Battle Arena,337107974.16,298290573.89,0.884851729281324,4784,1841,United States of America,2021-06-01,1114244.41,212.0,7.0
4179,Dota 2,2013-01-01,Multiplayer Online Battle Arena,337107974.16,298290573.89,0.884851729281324,4784,1841,United States of America,2021-07-01,103420.52,50.0,3.0
4180,Dota 2,2013-01-01,Multiplayer Online Battle Arena,337107974.16,298290573.89,0.884851729281324,4784,1841,United States of America,2021-08-01,742189.66,292.0,10.0
4181,Dota 2,2013-01-01,Multiplayer Online Battle Arena,337107974.16,298290573.89,0.884851729281324,4784,1841,United States of America,2021-09-01,659186.6,289.0,8.0
4182,Dota 2,2013-01-01,Multiplayer Online Battle Arena,337107974.16,298290573.89,0.884851729281324,4784,1841,United States of America,2021-10-01,40138651.26,217.0,5.0
4183,Dota 2,2013-01-01,Multiplayer Online Battle Arena,337107974.16,298290573.89,0.884851729281324,4784,1841,United States of America,2021-11-01,308192.31,325.0,12.0
4184,Dota 2,2013-01-01,Multiplayer Online Battle Arena,337107974.16,298290573.89,0.884851729281324,4784,1841,United States of America,2021-12-01,443741.05,181.0,6.0
4185,Dota 2,2013-01-01,Multiplayer Online Battle Arena,337107974.16,298290573.89,0.884851729281324,4784,1841,United States of America,2022-01-01,2005000.0,483.0,17.0
4186,Dota 2,2013-01-01,Multiplayer Online Battle Arena,337107974.16,298290573.89,0.884851729281324,4784,1841,United States of America,2022-02-01,801000.0,217.0,9.0
4187,Dota 2,2013-01-01,Multiplayer Online Battle Arena,337107974.16,298290573.89,0.884851729281324,4784,1841,United States of America,2022-03-01,492309.4,342.0,10.0
4188,Dota 2,2013-01-01,Multiplayer Online Battle Arena,337107974.16,298290573.89,0.884851729281324,4784,1841,United States of America,2022-04-01,1466720.59,483.0,15.0
4189,Dota 2,2013-01-01,Multiplayer Online Battle Arena,337107974.16,298290573.89,0.884851729281324,4784,1841,United States of America,2022-05-01,901378.2,290.0,10.0
4190,Dota 2,2013-01-01,Multiplayer Online Battle Arena,337107974.16,298290573.89,0.884851729281324,4784,1841,United States of America,2022-06-01,98657.58,163.0,4.0
4191,Dota 2,2013-01-01,Multiplayer Online Battle Arena,337107974.16,298290573.89,0.884851729281324,4784,1841,United States of America,2022-07-01,6110050.0,490.0,20.0
4192,Dota 2,2013-01-01,Multiplayer Online Battle Arena,337107974.16,298290573.89,0.884851729281324,4784,1841,United States of America,2022-08-01,1278151.53,363.0,12.0
4193,Dota 2,2013-01-01,Multiplayer Online Battle Arena,337107974.16,298290573.89,0.884851729281324,4784,1841,United States of America,2022-09-01,49349.96,99.0,4.0
4194,Dota 2,2013-01-01,Multiplayer Online Battle Arena,337107974.16,298290573.89,0.884851729281324,4784,1841,United States of America,2022-10-01,19138016.32,324.0,9.0
4195,Dota 2,2013-01-01,Multiplayer Online Battle Arena,337107974.16,298290573.89,0.884851729281324,4784,1841,United States of America,2022-11-01,245809.94,179.0,5.0
4196,Dota 2,2013-01-01,Multiplayer Online Battle Arena,337107974.16,298290573.89,0.884851729281324,4784,1841,United States of America,2022-12-01,367745.0,271.0,10.0
4197,Dota 2,2013-01-01,Multiplayer Online Battle Arena,337107974.16,298290573.89,0.884851729281324,4784,1841,United States of America,2023-01-01,1187750.0,416.0,13.0
4198,Dota 2,2013-01-01,Multiplayer Online Battle Arena,337107974.16,298290573.89,0.884851729281324,4784,1841,United States of America,2023-02-01,876100.0,394.0,13.0
4199,Dota 2,2013-01-01,Multiplayer Online Battle Arena,337107974.16,298290573.89,0.884851729281324,4784,1841,United States of America,2023-03-01,573806.19,269.0,9.0
4200,Dota 2,2013-01-01,Multiplayer Online Battle Arena,337107974.16,298290573.89,0.884851729281324,4784,1841,United States of America,2023-04-01,2780538.1,475.0,18.0
4201,Dota 2,2013-01-01,Multiplayer Online Battle Arena,337107974.16,298290573.89,0.884851729281324,4784,1841,United States of America,2023-05-01,594524.15,121.0,7.0
4202,Dota 2,2013-01-01,Multiplayer Online Battle Arena,337107974.16,298290573.89,0.884851729281324,4784,1841,United States of America,2023-06-01,2804448.08,484.0,18.0
4203,Dota 2,2013-01-01,Multiplayer Online Battle Arena,337107974.16,298290573.89,0.884851729281324,4784,1841,United States of America,2023-07-01,15719537.21,200.0,7.0
4204,Dota 2,2013-01-01,Multiplayer Online Battle Arena,337107974.16,298290573.89,0.884851729281324,4784,1841,United States of America,2023-08-01,71651.6,126.0,5.0
4205,Dota 2,2013-01-01,Multiplayer Online Battle Arena,337107974.16,298290573.89,0.884851729281324,4784,1841,United States of America,2023-09-01,1441000.0,187.0,6.0
4206,Dota 2,2013-01-01,Multiplayer Online Battle Arena,337107974.16,298290573.89,0.884851729281324,4784,1841,United States of America,2023-10-01,50000.0,57.0,2.0
4371,League of Legends,2009-01-01,Multiplayer Online Battle Arena,105011055.56,90815673.41,0.864820117517158,9211,2895,"Korea, Republic of",2010-09-01,522.72,16.0,4.0
4372,League of Legends,2009-01-01,Multiplayer Online Battle Arena,105011055.56,90815673.41,0.864820117517158,9211,2895,"Korea, Republic of",2010-10-01,11390.48,39.0,7.0
4373,League of Legends,2009-01-01,Multiplayer Online Battle Arena,105011055.56,90815673.41,0.864820117517158,9211,2895,"Korea, Republic of",2010-11-01,8227.69,37.0,6.0
4374,League of Legends,2009-01-01,Multiplayer Online Battle Arena,105011055.56,90815673.41,0.864820117517158,9211,2895,"Korea, Republic of",2010-12-01,7801.75,44.0,6.0
4375,League of Legends,2009-01-01,Multiplayer Online Battle Arena,105011055.56,90815673.41,0.864820117517158,9211,2895,"Korea, Republic of",2011-01-01,1336.51,19.0,6.0
4376,League of Legends,2009-01-01,Multiplayer Online Battle Arena,105011055.56,90815673.41,0.864820117517158,9211,2895,"Korea, Republic of",2011-02-01,1228.59,21.0,5.0
4377,League of Legends,2009-01-01,Multiplayer Online Battle Arena,105011055.56,90815673.41,0.864820117517158,9211,2895,"Korea, Republic of",2011-03-01,15161.82,34.0,10.0
4378,League of Legends,2009-01-01,Multiplayer Online Battle Arena,105011055.56,90815673.41,0.864820117517158,9211,2895,"Korea, Republic of",2011-04-01,2701.33,29.0,11.0
4379,League of Legends,2009-01-01,Multiplayer Online Battle Arena,105011055.56,90815673.41,0.864820117517158,9211,2895,"Korea, Republic of",2011-05-01,3379.14,42.0,13.0
4380,League of Legends,2009-01-01,Multiplayer Online Battle Arena,105011055.56,90815673.41,0.864820117517158,9211,2895,"Korea, Republic of",2011-06-01,108729.23,83.0,11.0
4381,League of Legends,2009-01-01,Multiplayer Online Battle Arena,105011055.56,90815673.41,0.864820117517158,9211,2895,"Korea, Republic of",2011-07-01,17377.19,82.0,16.0
4382,League of Legends,2009-01-01,Multiplayer Online Battle Arena,105011055.56,90815673.41,0.864820117517158,9211,2895,"Korea, Republic of",2011-08-01,71735.86,78.0,18.0
4383,League of Legends,2009-01-01,Multiplayer Online Battle Arena,105011055.56,90815673.41,0.864820117517158,9211,2895,"Korea, Republic of",2011-09-01,14012.82,87.0,17.0
4384,League of Legends,2009-01-01,Multiplayer Online Battle Arena,105011055.56,90815673.41,0.864820117517158,9211,2895,"Korea, Republic of",2011-10-01,141491.47,155.0,24.0
4385,League of Legends,2009-01-01,Multiplayer Online Battle Arena,105011055.56,90815673.41,0.864820117517158,9211,2895,"Korea, Republic of",2011-11-01,93753.57,94.0,19.0
4386,League of Legends,2009-01-01,Multiplayer Online Battle Arena,105011055.56,90815673.41,0.864820117517158,9211,2895,"Korea, Republic of",2011-12-01,57086.98,112.0,22.0
4387,League of Legends,2009-01-01,Multiplayer Online Battle Arena,105011055.56,90815673.41,0.864820117517158,9211,2895,"Korea, Republic of",2012-01-01,53334.98,117.0,22.0
4388,League of Legends,2009-01-01,Multiplayer Online Battle Arena,105011055.56,90815673.41,0.864820117517158,9211,2895,"Korea, Republic of",2012-02-01,42541.43,114.0,22.0
4389,League of Legends,2009-01-01,Multiplayer Online Battle Arena,105011055.56,90815673.41,0.864820117517158,9211,2895,"Korea, Republic of",2012-03-01,127157.99,127.0,25.0
4390,League of Legends,2009-01-01,Multiplayer Online Battle Arena,105011055.56,90815673.41,0.864820117517158,9211,2895,"Korea, Republic of",2012-04-01,121742.9,188.0,36.0
4391,League of Legends,2009-01-01,Multiplayer Online Battle Arena,105011055.56,90815673.41,0.864820117517158,9211,2895,"Korea, Republic of",2012-05-01,228878.36,233.0,34.0
4392,League of Legends,2009-01-01,Multiplayer Online Battle Arena,105011055.56,90815673.41,0.864820117517158,9211,2895,"Korea, Republic of",2012-06-01,196210.72,188.0,38.0
4393,League of Legends,2009-01-01,Multiplayer Online Battle Arena,105011055.56,90815673.41,0.864820117517158,9211,2895,"Korea, Republic of",2012-07-01,94428.41,206.0,47.0
4394,League of Legends,2009-01-01,Multiplayer Online Battle Arena,105011055.56,90815673.41,0.864820117517158,9211,2895,"Korea, Republic of",2012-08-01,299717.44,193.0,37.0
4395,League of Legends,2009-01-01,Multiplayer Online Battle Arena,105011055.56,90815673.41,0.864820117517158,9211,2895,"Korea, Republic of",2012-09-01,373092.61,280.0,49.0
4396,League of Legends,2009-01-01,Multiplayer Online Battle Arena,105011055.56,90815673.41,0.864820117517158,9211,2895,"Korea, Republic of",2012-10-01,2142991.87,189.0,22.0
4397,League of Legends,2009-01-01,Multiplayer Online Battle Arena,105011055.56,90815673.41,0.864820117517158,9211,2895,"Korea, Republic of",2012-11-01,369777.98,315.0,29.0
4398,League of Legends,2009-01-01,Multiplayer Online Battle Arena,105011055.56,90815673.41,0.864820117517158,9211,2895,"Korea, Republic of",2012-12-01,237414.41,217.0,30.0
4399,League of Legends,2009-01-01,Multiplayer Online Battle Arena,105011055.56,90815673.41,0.864820117517158,9211,2895,"Korea, Republic of",2013-01-01,79274.02,118.0,25.0
4400,League of Legends,2009-01-01,Multiplayer Online Battle Arena,105011055.56,90815673.41,0.864820117517158,9211,2895,"Korea, Republic of",2013-02-01,374412.5,234.0,32.0
4401,League of Legends,2009-01-01,Multiplayer Online Battle Arena,105011055.56,90815673.41,0.864820117517158,9211,2895,"Korea, Republic of",2013-03-01,326372.21,211.0,30.0
4402,League of Legends,2009-01-01,Multiplayer Online Battle Arena,105011055.56,90815673.41,0.864820117517158,9211,2895,"Korea, Republic of",2013-04-01,390650.2,203.0,26.0
4403,League of Legends,2009-01-01,Multiplayer Online Battle Arena,105011055.56,90815673.41,0.864820117517158,9211,2895,"Korea, Republic of",2013-05-01,58834.46,111.0,20.0
4404,League of Legends,2009-01-01,Multiplayer Online Battle Arena,105011055.56,90815673.41,0.864820117517158,9211,2895,"Korea, Republic of",2013-06-01,797837.71,320.0,38.0
4405,League of Legends,2009-01-01,Multiplayer Online Battle Arena,105011055.56,90815673.41,0.864820117517158,9211,2895,"Korea, Republic of",2013-07-01,267542.39,207.0,26.0
4406,League of Legends,2009-01-01,Multiplayer Online Battle Arena,105011055.56,90815673.41,0.864820117517158,9211,2895,"Korea, Republic of",2013-08-01,664897.38,361.0,37.0
4407,League of Legends,2009-01-01,Multiplayer Online Battle Arena,105011055.56,90815673.41,0.864820117517158,9211,2895,"Korea, Republic of",2013-09-01,204747.85,158.0,31.0
4408,League of Legends,2009-01-01,Multiplayer Online Battle Arena,105011055.56,90815673.41,0.864820117517158,9211,2895,"Korea, Republic of",2013-10-01,2200058.98,288.0,30.0
4409,League of Legends,2009-01-01,Multiplayer Online Battle Arena,105011055.56,90815673.41,0.864820117517158,9211,2895,"Korea, Republic of",2013-11-01,481318.32,278.0,32.0
4410,League of Legends,2009-01-01,Multiplayer Online Battle Arena,105011055.56,90815673.41,0.864820117517158,9211,2895,"Korea, Republic of",2013-12-01,394954.63,376.0,48.0
4411,League of Legends,2009-01-01,Multiplayer Online Battle Arena,105011055.56,90815673.41,0.864820117517158,9211,2895,"Korea, Republic of",2014-01-01,751350.46,395.0,32.0
4412,League of Legends,2009-01-01,Multiplayer Online Battle Arena,105011055.56,90815673.41,0.864820117517158,9211,2895,"Korea, Republic of",2014-02-01,96041.67,199.0,31.0
4413,League of Legends,2009-01-01,Multiplayer Online Battle Arena,105011055.56,90815673.41,0.864820117517158,9211,2895,"Korea, Republic of",2014-03-01,355749.99,352.0,37.0
4414,League of Legends,2009-01-01,Multiplayer Online Battle Arena,105011055.56,90815673.41,0.864820117517158,9211,2895,"Korea, Republic of",2014-04-01,818168.14,420.0,40.0
4415,League of Legends,2009-01-01,Multiplayer Online Battle Arena,105011055.56,90815673.41,0.864820117517158,9211,2895,"Korea, Republic of",2014-05-01,684830.67,335.0,33.0
4416,League of Legends,2009-01-01,Multiplayer Online Battle Arena,105011055.56,90815673.41,0.864820117517158,9211,2895,"Korea, Republic of",2014-06-01,445935.18,411.0,45.0
4417,League of Legends,2009-01-01,Multiplayer Online Battle Arena,105011055.56,90815673.41,0.864820117517158,9211,2895,"Korea, Republic of",2014-07-01,293935.88,275.0,39.0
4418,League of Legends,2009-01-01,Multiplayer Online Battle Arena,105011055.56,90815673.41,0.864820117517158,9211,2895,"Korea, Republic of",2014-08-01,1084737.72,434.0,37.0
4419,League of Legends,2009-01-01,Multiplayer Online Battle Arena,105011055.56,90815673.41,0.864820117517158,9211,2895,"Korea, Republic of",2014-09-01,325720.89,242.0,33.0
4420,League of Legends,2009-01-01,Multiplayer Online Battle Arena,105011055.56,90815673.41,0.864820117517158,9211,2895,"Korea, Republic of",2014-10-01,2339483.02,232.0,30.0
4421,League of Legends,2009-01-01,Multiplayer Online Battle Arena,105011055.56,90815673.41,0.864820117517158,9211,2895,"Korea, Republic of",2014-11-01,385511.53,323.0,36.0
4422,League of Legends,2009-01-01,Multiplayer Online Battle Arena,105011055.56,90815673.41,0.864820117517158,9211,2895,"Korea, Republic of",2014-12-01,486705.84,427.0,36.0
4423,League of Legends,2009-01-01,Multiplayer Online Battle Arena,105011055.56,90815673.41,0.864820117517158,9211,2895,"Korea, Republic of",2015-01-01,162819.01,215.0,20.0
4424,League of Legends,2009-01-01,Multiplayer Online Battle Arena,105011055.56,90815673.41,0.864820117517158,9211,2895,"Korea, Republic of",2015-02-01,113808.53,151.0,20.0
4425,League of Legends,2009-01-01,Multiplayer Online Battle Arena,105011055.56,90815673.41,0.864820117517158,9211,2895,"Korea, Republic of",2015-03-01,437666.18,371.0,32.0
4426,League of Legends,2009-01-01,Multiplayer Online Battle Arena,105011055.56,90815673.41,0.864820117517158,9211,2895,"Korea, Republic of",2015-04-01,1349012.57,679.0,44.0
4427,League of Legends,2009-01-01,Multiplayer Online Battle Arena,105011055.56,90815673.41,0.864820117517158,9211,2895,"Korea, Republic of",2015-05-01,563512.99,317.0,32.0
4428,League of Legends,2009-01-01,Multiplayer Online Battle Arena,105011055.56,90815673.41,0.864820117517158,9211,2895,"Korea, Republic of",2015-06-01,95878.76,147.0,25.0
4429,League of Legends,2009-01-01,Multiplayer Online Battle Arena,105011055.56,90815673.41,0.864820117517158,9211,2895,"Korea, Republic of",2015-07-01,505875.44,438.0,29.0
4430,League of Legends,2009-01-01,Multiplayer Online Battle Arena,105011055.56,90815673.41,0.864820117517158,9211,2895,"Korea, Republic of",2015-08-01,1334844.31,658.0,31.0
4431,League of Legends,2009-01-01,Multiplayer Online Battle Arena,105011055.56,90815673.41,0.864820117517158,9211,2895,"Korea, Republic of",2015-09-01,98555.35,112.0,10.0
4432,League of Legends,2009-01-01,Multiplayer Online Battle Arena,105011055.56,90815673.41,0.864820117517158,9211,2895,"Korea, Republic of",2015-10-01,2187887.97,321.0,25.0
4433,League of Legends,2009-01-01,Multiplayer Online Battle Arena,105011055.56,90815673.41,0.864820117517158,9211,2895,"Korea, Republic of",2015-11-01,426937.66,336.0,26.0
4434,League of Legends,2009-01-01,Multiplayer Online Battle Arena,105011055.56,90815673.41,0.864820117517158,9211,2895,"Korea, Republic of",2015-12-01,442312.76,309.0,17.0
4435,League of Legends,2009-01-01,Multiplayer Online Battle Arena,105011055.56,90815673.41,0.864820117517158,9211,2895,"Korea, Republic of",2016-01-01,50025.02,40.0,5.0
4436,League of Legends,2009-01-01,Multiplayer Online Battle Arena,105011055.56,90815673.41,0.864820117517158,9211,2895,"Korea, Republic of",2016-02-01,239015.61,174.0,9.0
4437,League of Legends,2009-01-01,Multiplayer Online Battle Arena,105011055.56,90815673.41,0.864820117517158,9211,2895,"Korea, Republic of",2016-03-01,299620.13,395.0,23.0
4438,League of Legends,2009-01-01,Multiplayer Online Battle Arena,105011055.56,90815673.41,0.864820117517158,9211,2895,"Korea, Republic of",2016-04-01,1459231.04,561.0,24.0
4439,League of Legends,2009-01-01,Multiplayer Online Battle Arena,105011055.56,90815673.41,0.864820117517158,9211,2895,"Korea, Republic of",2016-05-01,517405.11,145.0,11.0
4440,League of Legends,2009-01-01,Multiplayer Online Battle Arena,105011055.56,90815673.41,0.864820117517158,9211,2895,"Korea, Republic of",2016-06-01,32467.96,101.0,7.0
4441,League of Legends,2009-01-01,Multiplayer Online Battle Arena,105011055.56,90815673.41,0.864820117517158,9211,2895,"Korea, Republic of",2016-07-01,250137.61,352.0,23.0
4442,League of Legends,2009-01-01,Multiplayer Online Battle Arena,105011055.56,90815673.41,0.864820117517158,9211,2895,"Korea, Republic of",2016-08-01,1496842.81,518.0,23.0
4443,League of Legends,2009-01-01,Multiplayer Online Battle Arena,105011055.56,90815673.41,0.864820117517158,9211,2895,"Korea, Republic of",2016-09-01,25015.83,49.0,7.0
4444,League of Legends,2009-01-01,Multiplayer Online Battle Arena,105011055.56,90815673.41,0.864820117517158,9211,2895,"Korea, Republic of",2016-10-01,5144753.33,212.0,13.0
4445,League of Legends,2009-01-01,Multiplayer Online Battle Arena,105011055.56,90815673.41,0.864820117517158,9211,2895,"Korea, Republic of",2016-11-01,715492.4,381.0,21.0
4446,League of Legends,2009-01-01,Multiplayer Online Battle Arena,105011055.56,90815673.41,0.864820117517158,9211,2895,"Korea, Republic of",2016-12-01,289025.16,227.0,16.0
4447,League of Legends,2009-01-01,Multiplayer Online Battle Arena,105011055.56,90815673.41,0.864820117517158,9211,2895,"Korea, Republic of",2017-01-01,83853.59,63.0,7.0
4448,League of Legends,2009-01-01,Multiplayer Online Battle Arena,105011055.56,90815673.41,0.864820117517158,9211,2895,"Korea, Republic of",2017-02-01,183747.37,133.0,9.0
4449,League of Legends,2009-01-01,Multiplayer Online Battle Arena,105011055.56,90815673.41,0.864820117517158,9211,2895,"Korea, Republic of",2017-03-01,216050.36,247.0,15.0
4450,League of Legends,2009-01-01,Multiplayer Online Battle Arena,105011055.56,90815673.41,0.864820117517158,9211,2895,"Korea, Republic of",2017-04-01,1871132.21,681.0,28.0
4451,League of Legends,2009-01-01,Multiplayer Online Battle Arena,105011055.56,90815673.41,0.864820117517158,9211,2895,"Korea, Republic of",2017-05-01,1807274.76,214.0,10.0
4452,League of Legends,2009-01-01,Multiplayer Online Battle Arena,105011055.56,90815673.41,0.864820117517158,9211,2895,"Korea, Republic of",2017-06-01,207260.6,123.0,7.0
4453,League of Legends,2009-01-01,Multiplayer Online Battle Arena,105011055.56,90815673.41,0.864820117517158,9211,2895,"Korea, Republic of",2017-07-01,369124.31,417.0,18.0
4454,League of Legends,2009-01-01,Multiplayer Online Battle Arena,105011055.56,90815673.41,0.864820117517158,9211,2895,"Korea, Republic of",2017-08-01,801587.34,524.0,26.0
4455,League of Legends,2009-01-01,Multiplayer Online Battle Arena,105011055.56,90815673.41,0.864820117517158,9211,2895,"Korea, Republic of",2017-09-01,1210049.55,310.0,17.0
4456,League of Legends,2009-01-01,Multiplayer Online Battle Arena,105011055.56,90815673.41,0.864820117517158,9211,2895,"Korea, Republic of",2017-10-01,23050.87,153.0,12.0
4457,League of Legends,2009-01-01,Multiplayer Online Battle Arena,105011055.56,90815673.41,0.864820117517158,9211,2895,"Korea, Republic of",2017-11-01,5156675.89,423.0,22.0
4458,League of Legends,2009-01-01,Multiplayer Online Battle Arena,105011055.56,90815673.41,0.864820117517158,9211,2895,"Korea, Republic of",2017-12-01,332063.58,353.0,22.0
4459,League of Legends,2009-01-01,Multiplayer Online Battle Arena,105011055.56,90815673.41,0.864820117517158,9211,2895,"Korea, Republic of",2018-01-01,197560.6,80.0,9.0
4460,League of Legends,2009-01-01,Multiplayer Online Battle Arena,105011055.56,90815673.41,0.864820117517158,9211,2895,"Korea, Republic of",2018-02-01,112339.52,141.0,12.0
4461,League of Legends,2009-01-01,Multiplayer Online Battle Arena,105011055.56,90815673.41,0.864820117517158,9211,2895,"Korea, Republic of",2018-03-01,536655.58,333.0,22.0
4462,League of Legends,2009-01-01,Multiplayer Online Battle Arena,105011055.56,90815673.41,0.864820117517158,9211,2895,"Korea, Republic of",2018-04-01,1985731.38,665.0,27.0
4463,League of Legends,2009-01-01,Multiplayer Online Battle Arena,105011055.56,90815673.41,0.864820117517158,9211,2895,"Korea, Republic of",2018-05-01,1503802.19,206.0,8.0
4464,League of Legends,2009-01-01,Multiplayer Online Battle Arena,105011055.56,90815673.41,0.864820117517158,9211,2895,"Korea, Republic of",2018-06-01,178369.02,262.0,15.0
4465,League of Legends,2009-01-01,Multiplayer Online Battle Arena,105011055.56,90815673.41,0.864820117517158,9211,2895,"Korea, Republic of",2018-07-01,516346.85,408.0,16.0
4466,League of Legends,2009-01-01,Multiplayer Online Battle Arena,105011055.56,90815673.41,0.864820117517158,9211,2895,"Korea, Republic of",2018-08-01,460269.27,342.0,18.0
4467,League of Legends,2009-01-01,Multiplayer Online Battle Arena,105011055.56,90815673.41,0.864820117517158,9211,2895,"Korea, Republic of",2018-09-01,1991541.98,762.0,20.0
4468,League of Legends,2009-01-01,Multiplayer Online Battle Arena,105011055.56,90815673.41,0.864820117517158,9211,2895,"Korea, Republic of",2018-10-01,142122.31,318.0,15.0
4469,League of Legends,2009-01-01,Multiplayer Online Battle Arena,105011055.56,90815673.41,0.864820117517158,9211,2895,"Korea, Republic of",2018-11-01,6680982.54,362.0,15.0
4470,League of Legends,2009-01-01,Multiplayer Online Battle Arena,105011055.56,90815673.41,0.864820117517158,9211,2895,"Korea, Republic of",2018-12-01,383063.25,344.0,17.0
4471,League of Legends,2009-01-01,Multiplayer Online Battle Arena,105011055.56,90815673.41,0.864820117517158,9211,2895,"Korea, Republic of",2019-01-01,160589.23,146.0,7.0
4472,League of Legends,2009-01-01,Multiplayer Online Battle Arena,105011055.56,90815673.41,0.864820117517158,9211,2895,"Korea, Republic of",2019-02-01,113635.6,100.0,7.0
4473,League of Legends,2009-01-01,Multiplayer Online Battle Arena,105011055.56,90815673.41,0.864820117517158,9211,2895,"Korea, Republic of",2019-03-01,227523.37,411.0,18.0
4474,League of Legends,2009-01-01,Multiplayer Online Battle Arena,105011055.56,90815673.41,0.864820117517158,9211,2895,"Korea, Republic of",2019-04-01,2237317.84,959.0,39.0
4475,League of Legends,2009-01-01,Multiplayer Online Battle Arena,105011055.56,90815673.41,0.864820117517158,9211,2895,"Korea, Republic of",2019-05-01,1289300.93,310.0,18.0
4476,League of Legends,2009-01-01,Multiplayer Online Battle Arena,105011055.56,90815673.41,0.864820117517158,9211,2895,"Korea, Republic of",2019-06-01,167210.44,350.0,21.0
4477,League of Legends,2009-01-01,Multiplayer Online Battle Arena,105011055.56,90815673.41,0.864820117517158,9211,2895,"Korea, Republic of",2019-07-01,247608.22,310.0,16.0
4478,League of Legends,2009-01-01,Multiplayer Online Battle Arena,105011055.56,90815673.41,0.864820117517158,9211,2895,"Korea, Republic of",2019-08-01,944489.3,643.0,27.0
4479,League of Legends,2009-01-01,Multiplayer Online Battle Arena,105011055.56,90815673.41,0.864820117517158,9211,2895,"Korea, Republic of",2019-09-01,1442973.29,590.0,23.0
4480,League of Legends,2009-01-01,Multiplayer Online Battle Arena,105011055.56,90815673.41,0.864820117517158,9211,2895,"Korea, Republic of",2019-10-01,114772.91,210.0,14.0
4481,League of Legends,2009-01-01,Multiplayer Online Battle Arena,105011055.56,90815673.41,0.864820117517158,9211,2895,"Korea, Republic of",2019-11-01,2414300.98,332.0,12.0
4482,League of Legends,2009-01-01,Multiplayer Online Battle Arena,105011055.56,90815673.41,0.864820117517158,9211,2895,"Korea, Republic of",2019-12-01,1052347.24,179.0,8.0
4483,League of Legends,2009-01-01,Multiplayer Online Battle Arena,105011055.56,90815673.41,0.864820117517158,9211,2895,"Korea, Republic of",2020-01-01,216967.69,185.0,5.0
4484,League of Legends,2009-01-01,Multiplayer Online Battle Arena,105011055.56,90815673.41,0.864820117517158,9211,2895,"Korea, Republic of",2020-02-01,215255.32,144.0,7.0
4485,League of Legends,2009-01-01,Multiplayer Online Battle Arena,105011055.56,90815673.41,0.864820117517158,9211,2895,"Korea, Republic of",2020-03-01,211653.99,350.0,16.0
4486,League of Legends,2009-01-01,Multiplayer Online Battle Arena,105011055.56,90815673.41,0.864820117517158,9211,2895,"Korea, Republic of",2020-04-01,1136211.59,465.0,14.0
4487,League of Legends,2009-01-01,Multiplayer Online Battle Arena,105011055.56,90815673.41,0.864820117517158,9211,2895,"Korea, Republic of",2020-05-01,1641644.93,444.0,14.0
4488,League of Legends,2009-01-01,Multiplayer Online Battle Arena,105011055.56,90815673.41,0.864820117517158,9211,2895,"Korea, Republic of",2020-06-01,5987.09,41.0,3.0
4489,League of Legends,2009-01-01,Multiplayer Online Battle Arena,105011055.56,90815673.41,0.864820117517158,9211,2895,"Korea, Republic of",2020-07-01,55599.12,148.0,9.0
4490,League of Legends,2009-01-01,Multiplayer Online Battle Arena,105011055.56,90815673.41,0.864820117517158,9211,2895,"Korea, Republic of",2020-08-01,1081190.81,615.0,19.0
4491,League of Legends,2009-01-01,Multiplayer Online Battle Arena,105011055.56,90815673.41,0.864820117517158,9211,2895,"Korea, Republic of",2020-09-01,1251418.75,409.0,11.0
4492,League of Legends,2009-01-01,Multiplayer Online Battle Arena,105011055.56,90815673.41,0.864820117517158,9211,2895,"Korea, Republic of",2020-10-01,2456302.6,238.0,9.0
4493,League of Legends,2009-01-01,Multiplayer Online Battle Arena,105011055.56,90815673.41,0.864820117517158,9211,2895,"Korea, Republic of",2020-11-01,400008.7,158.0,7.0
4494,League of Legends,2009-01-01,Multiplayer Online Battle Arena,105011055.56,90815673.41,0.864820117517158,9211,2895,"Korea, Republic of",2020-12-01,30828.38,102.0,6.0
4495,League of Legends,2009-01-01,Multiplayer Online Battle Arena,105011055.56,90815673.41,0.864820117517158,9211,2895,"Korea, Republic of",2021-01-01,254365.56,90.0,3.0
4496,League of Legends,2009-01-01,Multiplayer Online Battle Arena,105011055.56,90815673.41,0.864820117517158,9211,2895,"Korea, Republic of",2021-02-01,11600.2,52.0,3.0
4497,League of Legends,2009-01-01,Multiplayer Online Battle Arena,105011055.56,90815673.41,0.864820117517158,9211,2895,"Korea, Republic of",2021-03-01,288836.05,448.0,18.0
4498,League of Legends,2009-01-01,Multiplayer Online Battle Arena,105011055.56,90815673.41,0.864820117517158,9211,2895,"Korea, Republic of",2021-04-01,1998104.28,447.0,17.0
4499,League of Legends,2009-01-01,Multiplayer Online Battle Arena,105011055.56,90815673.41,0.864820117517158,9211,2895,"Korea, Republic of",2021-05-01,583773.34,245.0,9.0
4500,League of Legends,2009-01-01,Multiplayer Online Battle Arena,105011055.56,90815673.41,0.864820117517158,9211,2895,"Korea, Republic of",2021-06-01,14483.36,45.0,3.0
4501,League of Legends,2009-01-01,Multiplayer Online Battle Arena,105011055.56,90815673.41,0.864820117517158,9211,2895,"Korea, Republic of",2021-07-01,73875.6,136.0,6.0
4502,League of Legends,2009-01-01,Multiplayer Online Battle Arena,105011055.56,90815673.41,0.864820117517158,9211,2895,"Korea, Republic of",2021-08-01,1205857.99,539.0,18.0
4503,League of Legends,2009-01-01,Multiplayer Online Battle Arena,105011055.56,90815673.41,0.864820117517158,9211,2895,"Korea, Republic of",2021-09-01,1286945.0,343.0,11.0
4504,League of Legends,2009-01-01,Multiplayer Online Battle Arena,105011055.56,90815673.41,0.864820117517158,9211,2895,"Korea, Republic of",2021-10-01,133104.05,94.0,7.0
4505,League of Legends,2009-01-01,Multiplayer Online Battle Arena,105011055.56,90815673.41,0.864820117517158,9211,2895,"Korea, Republic of",2021-11-01,2366876.87,248.0,7.0
4506,League of Legends,2009-01-01,Multiplayer Online Battle Arena,105011055.56,90815673.41,0.864820117517158,9211,2895,"Korea, Republic of",2021-12-01,94771.86,137.0,5.0
4507,League of Legends,2009-01-01,Multiplayer Online Battle Arena,105011055.56,90815673.41,0.864820117517158,9211,2895,"Korea, Republic of",2022-01-01,154497.0,30.0,3.0
4508,League of Legends,2009-01-01,Multiplayer Online Battle Arena,105011055.56,90815673.41,0.864820117517158,9211,2895,"Korea, Republic of",2022-02-01,16533.45,36.0,3.0
4509,League of Legends,2009-01-01,Multiplayer Online Battle Arena,105011055.56,90815673.41,0.864820117517158,9211,2895,"Korea, Republic of",2022-03-01,202878.24,338.0,13.0
4510,League of Legends,2009-01-01,Multiplayer Online Battle Arena,105011055.56,90815673.41,0.864820117517158,9211,2895,"Korea, Republic of",2022-04-01,2092177.89,501.0,18.0
4511,League of Legends,2009-01-01,Multiplayer Online Battle Arena,105011055.56,90815673.41,0.864820117517158,9211,2895,"Korea, Republic of",2022-05-01,446899.46,228.0,8.0
4512,League of Legends,2009-01-01,Multiplayer Online Battle Arena,105011055.56,90815673.41,0.864820117517158,9211,2895,"Korea, Republic of",2022-06-01,52778.55,53.0,4.0
4513,League of Legends,2009-01-01,Multiplayer Online Battle Arena,105011055.56,90815673.41,0.864820117517158,9211,2895,"Korea, Republic of",2022-07-01,101741.28,157.0,6.0
4514,League of Legends,2009-01-01,Multiplayer Online Battle Arena,105011055.56,90815673.41,0.864820117517158,9211,2895,"Korea, Republic of",2022-08-01,826944.51,418.0,17.0
4515,League of Legends,2009-01-01,Multiplayer Online Battle Arena,105011055.56,90815673.41,0.864820117517158,9211,2895,"Korea, Republic of",2022-09-01,1572373.74,494.0,13.0
4516,League of Legends,2009-01-01,Multiplayer Online Battle Arena,105011055.56,90815673.41,0.864820117517158,9211,2895,"Korea, Republic of",2022-11-01,2465165.17,361.0,13.0
4517,League of Legends,2009-01-01,Multiplayer Online Battle Arena,105011055.56,90815673.41,0.864820117517158,9211,2895,"Korea, Republic of",2022-12-01,237353.22,95.0,4.0
4518,League of Legends,2009-01-01,Multiplayer Online Battle Arena,105011055.56,90815673.41,0.864820117517158,9211,2895,"Korea, Republic of",2023-01-01,5904.6,16.0,1.0
4519,League of Legends,2009-01-01,Multiplayer Online Battle Arena,105011055.56,90815673.41,0.864820117517158,9211,2895,"Korea, Republic of",2023-02-01,120782.84,72.0,7.0
4520,League of Legends,2009-01-01,Multiplayer Online Battle Arena,105011055.56,90815673.41,0.864820117517158,9211,2895,"Korea, Republic of",2023-03-01,147567.67,252.0,12.0
4521,League of Legends,2009-01-01,Multiplayer Online Battle Arena,105011055.56,90815673.41,0.864820117517158,9211,2895,"Korea, Republic of",2023-04-01,2016262.28,583.0,24.0
4522,League of Legends,2009-01-01,Multiplayer Online Battle Arena,105011055.56,90815673.41,0.864820117517158,9211,2895,"Korea, Republic of",2023-05-01,250000.0,65.0,1.0
4523,League of Legends,2009-01-01,Multiplayer Online Battle Arena,105011055.56,90815673.41,0.864820117517158,9211,2895,"Korea, Republic of",2023-06-01,37418.92,68.0,4.0
4524,League of Legends,2009-01-01,Multiplayer Online Battle Arena,105011055.56,90815673.41,0.864820117517158,9211,2895,"Korea, Republic of",2023-07-01,154218.92,99.0,6.0
4525,League of Legends,2009-01-01,Multiplayer Online Battle Arena,105011055.56,90815673.41,0.864820117517158,9211,2895,"Korea, Republic of",2023-08-01,1739374.28,517.0,22.0
4526,League of Legends,2009-01-01,Multiplayer Online Battle Arena,105011055.56,90815673.41,0.864820117517158,9211,2895,"Korea, Republic of",2023-09-01,601354.71,326.0,9.0
8509,Hearthstone,2014-01-01,Collectible Card Game,29531545.82,18275169.29,0.61883551241748,3071,1124,China,2013-10-01,25.0,1.0,1.0
8510,Hearthstone,2014-01-01,Collectible Card Game,29531545.82,18275169.29,0.61883551241748,3071,1124,China,2013-11-01,1370.34,2.0,2.0
8511,Hearthstone,2014-01-01,Collectible Card Game,29531545.82,18275169.29,0.61883551241748,3071,1124,China,2014-01-01,21067.79,14.0,4.0
8512,Hearthstone,2014-01-01,Collectible Card Game,29531545.82,18275169.29,0.61883551241748,3071,1124,China,2014-02-01,8445.54,16.0,10.0
8513,Hearthstone,2014-01-01,Collectible Card Game,29531545.82,18275169.29,0.61883551241748,3071,1124,China,2014-03-01,30109.94,21.0,13.0
8514,Hearthstone,2014-01-01,Collectible Card Game,29531545.82,18275169.29,0.61883551241748,3071,1124,China,2014-04-01,34203.2,32.0,13.0
8515,Hearthstone,2014-01-01,Collectible Card Game,29531545.82,18275169.29,0.61883551241748,3071,1124,China,2014-05-01,36186.6,28.0,16.0
8516,Hearthstone,2014-01-01,Collectible Card Game,29531545.82,18275169.29,0.61883551241748,3071,1124,China,2014-06-01,47931.47,43.0,13.0
8517,Hearthstone,2014-01-01,Collectible Card Game,29531545.82,18275169.29,0.61883551241748,3071,1124,China,2014-07-01,79474.3,48.0,15.0
8518,Hearthstone,2014-01-01,Collectible Card Game,29531545.82,18275169.29,0.61883551241748,3071,1124,China,2014-08-01,28650.81,38.0,21.0
8519,Hearthstone,2014-01-01,Collectible Card Game,29531545.82,18275169.29,0.61883551241748,3071,1124,China,2014-09-01,170246.05,83.0,19.0
8520,Hearthstone,2014-01-01,Collectible Card Game,29531545.82,18275169.29,0.61883551241748,3071,1124,China,2014-10-01,277930.52,63.0,18.0
8521,Hearthstone,2014-01-01,Collectible Card Game,29531545.82,18275169.29,0.61883551241748,3071,1124,China,2014-11-01,305478.17,47.0,17.0
8522,Hearthstone,2014-01-01,Collectible Card Game,29531545.82,18275169.29,0.61883551241748,3071,1124,China,2014-12-01,83520.79,88.0,18.0
8523,Hearthstone,2014-01-01,Collectible Card Game,29531545.82,18275169.29,0.61883551241748,3071,1124,China,2015-01-01,62720.15,19.0,5.0
8524,Hearthstone,2014-01-01,Collectible Card Game,29531545.82,18275169.29,0.61883551241748,3071,1124,China,2015-02-01,47060.65,63.0,17.0
8525,Hearthstone,2014-01-01,Collectible Card Game,29531545.82,18275169.29,0.61883551241748,3071,1124,China,2015-03-01,183585.26,107.0,27.0
8526,Hearthstone,2014-01-01,Collectible Card Game,29531545.82,18275169.29,0.61883551241748,3071,1124,China,2015-04-01,124414.0,83.0,23.0
8527,Hearthstone,2014-01-01,Collectible Card Game,29531545.82,18275169.29,0.61883551241748,3071,1124,China,2015-05-01,162151.36,103.0,26.0
8528,Hearthstone,2014-01-01,Collectible Card Game,29531545.82,18275169.29,0.61883551241748,3071,1124,China,2015-06-01,176823.5,106.0,29.0
8529,Hearthstone,2014-01-01,Collectible Card Game,29531545.82,18275169.29,0.61883551241748,3071,1124,China,2015-07-01,151333.71,110.0,37.0
8530,Hearthstone,2014-01-01,Collectible Card Game,29531545.82,18275169.29,0.61883551241748,3071,1124,China,2015-08-01,239839.5,102.0,25.0
8531,Hearthstone,2014-01-01,Collectible Card Game,29531545.82,18275169.29,0.61883551241748,3071,1124,China,2015-09-01,283534.62,38.0,10.0
8532,Hearthstone,2014-01-01,Collectible Card Game,29531545.82,18275169.29,0.61883551241748,3071,1124,China,2015-10-01,163549.2,81.0,23.0
8533,Hearthstone,2014-01-01,Collectible Card Game,29531545.82,18275169.29,0.61883551241748,3071,1124,China,2015-11-01,394940.51,68.0,15.0
8534,Hearthstone,2014-01-01,Collectible Card Game,29531545.82,18275169.29,0.61883551241748,3071,1124,China,2015-12-01,382631.27,85.0,14.0
8535,Hearthstone,2014-01-01,Collectible Card Game,29531545.82,18275169.29,0.61883551241748,3071,1124,China,2016-01-01,302580.64,93.0,9.0
8536,Hearthstone,2014-01-01,Collectible Card Game,29531545.82,18275169.29,0.61883551241748,3071,1124,China,2016-02-01,136660.22,81.0,16.0
8537,Hearthstone,2014-01-01,Collectible Card Game,29531545.82,18275169.29,0.61883551241748,3071,1124,China,2016-03-01,308347.01,64.0,10.0
8538,Hearthstone,2014-01-01,Collectible Card Game,29531545.82,18275169.29,0.61883551241748,3071,1124,China,2016-04-01,32398.58,56.0,8.0
8539,Hearthstone,2014-01-01,Collectible Card Game,29531545.82,18275169.29,0.61883551241748,3071,1124,China,2016-05-01,241970.21,132.0,19.0
8540,Hearthstone,2014-01-01,Collectible Card Game,29531545.82,18275169.29,0.61883551241748,3071,1124,China,2016-06-01,306510.07,67.0,13.0
8541,Hearthstone,2014-01-01,Collectible Card Game,29531545.82,18275169.29,0.61883551241748,3071,1124,China,2016-07-01,192870.13,90.0,11.0
8542,Hearthstone,2014-01-01,Collectible Card Game,29531545.82,18275169.29,0.61883551241748,3071,1124,China,2016-08-01,127879.57,64.0,8.0
8543,Hearthstone,2014-01-01,Collectible Card Game,29531545.82,18275169.29,0.61883551241748,3071,1124,China,2016-09-01,260290.8,78.0,10.0
8544,Hearthstone,2014-01-01,Collectible Card Game,29531545.82,18275169.29,0.61883551241748,3071,1124,China,2016-10-01,170465.17,63.0,11.0
8545,Hearthstone,2014-01-01,Collectible Card Game,29531545.82,18275169.29,0.61883551241748,3071,1124,China,2016-11-01,1107696.94,63.0,9.0
8546,Hearthstone,2014-01-01,Collectible Card Game,29531545.82,18275169.29,0.61883551241748,3071,1124,China,2016-12-01,298307.95,136.0,19.0
8547,Hearthstone,2014-01-01,Collectible Card Game,29531545.82,18275169.29,0.61883551241748,3071,1124,China,2017-01-01,526650.14,116.0,15.0
8548,Hearthstone,2014-01-01,Collectible Card Game,29531545.82,18275169.29,0.61883551241748,3071,1124,China,2017-02-01,80730.29,41.0,10.0
8549,Hearthstone,2014-01-01,Collectible Card Game,29531545.82,18275169.29,0.61883551241748,3071,1124,China,2017-03-01,422424.53,69.0,7.0
8550,Hearthstone,2014-01-01,Collectible Card Game,29531545.82,18275169.29,0.61883551241748,3071,1124,China,2017-04-01,128480.76,103.0,14.0
8551,Hearthstone,2014-01-01,Collectible Card Game,29531545.82,18275169.29,0.61883551241748,3071,1124,China,2017-05-01,265317.42,56.0,8.0
8552,Hearthstone,2014-01-01,Collectible Card Game,29531545.82,18275169.29,0.61883551241748,3071,1124,China,2017-06-01,82579.63,65.0,9.0
8553,Hearthstone,2014-01-01,Collectible Card Game,29531545.82,18275169.29,0.61883551241748,3071,1124,China,2017-07-01,357510.65,90.0,10.0
8554,Hearthstone,2014-01-01,Collectible Card Game,29531545.82,18275169.29,0.61883551241748,3071,1124,China,2017-08-01,347849.16,210.0,8.0
8555,Hearthstone,2014-01-01,Collectible Card Game,29531545.82,18275169.29,0.61883551241748,3071,1124,China,2017-09-01,93749.47,87.0,8.0
8556,Hearthstone,2014-01-01,Collectible Card Game,29531545.82,18275169.29,0.61883551241748,3071,1124,China,2017-10-01,299704.49,84.0,11.0
8557,Hearthstone,2014-01-01,Collectible Card Game,29531545.82,18275169.29,0.61883551241748,3071,1124,China,2017-11-01,187799.96,111.0,15.0
8558,Hearthstone,2014-01-01,Collectible Card Game,29531545.82,18275169.29,0.61883551241748,3071,1124,China,2017-12-01,692970.08,117.0,16.0
8559,Hearthstone,2014-01-01,Collectible Card Game,29531545.82,18275169.29,0.61883551241748,3071,1124,China,2018-01-01,1109486.78,76.0,11.0
8560,Hearthstone,2014-01-01,Collectible Card Game,29531545.82,18275169.29,0.61883551241748,3071,1124,China,2018-02-01,78830.0,67.0,8.0
8561,Hearthstone,2014-01-01,Collectible Card Game,29531545.82,18275169.29,0.61883551241748,3071,1124,China,2018-03-01,429551.43,152.0,16.0
8562,Hearthstone,2014-01-01,Collectible Card Game,29531545.82,18275169.29,0.61883551241748,3071,1124,China,2018-04-01,68838.76,81.0,13.0
8563,Hearthstone,2014-01-01,Collectible Card Game,29531545.82,18275169.29,0.61883551241748,3071,1124,China,2018-05-01,403727.52,243.0,13.0
8564,Hearthstone,2014-01-01,Collectible Card Game,29531545.82,18275169.29,0.61883551241748,3071,1124,China,2018-06-01,704638.99,146.0,21.0
8565,Hearthstone,2014-01-01,Collectible Card Game,29531545.82,18275169.29,0.61883551241748,3071,1124,China,2018-07-01,332801.74,107.0,11.0
8566,Hearthstone,2014-01-01,Collectible Card Game,29531545.82,18275169.29,0.61883551241748,3071,1124,China,2018-08-01,52495.52,95.0,16.0
8567,Hearthstone,2014-01-01,Collectible Card Game,29531545.82,18275169.29,0.61883551241748,3071,1124,China,2018-09-01,387854.69,249.0,12.0
8568,Hearthstone,2014-01-01,Collectible Card Game,29531545.82,18275169.29,0.61883551241748,3071,1124,China,2018-10-01,536470.92,100.0,10.0
8569,Hearthstone,2014-01-01,Collectible Card Game,29531545.82,18275169.29,0.61883551241748,3071,1124,China,2018-11-01,440932.77,220.0,9.0
8570,Hearthstone,2014-01-01,Collectible Card Game,29531545.82,18275169.29,0.61883551241748,3071,1124,China,2018-12-01,196245.63,74.0,12.0
8571,Hearthstone,2014-01-01,Collectible Card Game,29531545.82,18275169.29,0.61883551241748,3071,1124,China,2019-01-01,350525.24,217.0,6.0
8572,Hearthstone,2014-01-01,Collectible Card Game,29531545.82,18275169.29,0.61883551241748,3071,1124,China,2019-02-01,42518.61,31.0,6.0
8573,Hearthstone,2014-01-01,Collectible Card Game,29531545.82,18275169.29,0.61883551241748,3071,1124,China,2019-03-01,500397.18,63.0,10.0
8574,Hearthstone,2014-01-01,Collectible Card Game,29531545.82,18275169.29,0.61883551241748,3071,1124,China,2019-04-01,1007707.32,35.0,10.0
8575,Hearthstone,2014-01-01,Collectible Card Game,29531545.82,18275169.29,0.61883551241748,3071,1124,China,2019-05-01,18591.24,30.0,11.0
8576,Hearthstone,2014-01-01,Collectible Card Game,29531545.82,18275169.29,0.61883551241748,3071,1124,China,2019-06-01,513782.96,236.0,11.0
8577,Hearthstone,2014-01-01,Collectible Card Game,29531545.82,18275169.29,0.61883551241748,3071,1124,China,2019-07-01,232327.2,83.0,10.0
8578,Hearthstone,2014-01-01,Collectible Card Game,29531545.82,18275169.29,0.61883551241748,3071,1124,China,2019-08-01,533790.0,242.0,9.0
8579,Hearthstone,2014-01-01,Collectible Card Game,29531545.82,18275169.29,0.61883551241748,3071,1124,China,2019-09-01,35087.81,47.0,10.0
8580,Hearthstone,2014-01-01,Collectible Card Game,29531545.82,18275169.29,0.61883551241748,3071,1124,China,2019-10-01,687797.83,263.0,9.0
8581,Hearthstone,2014-01-01,Collectible Card Game,29531545.82,18275169.29,0.61883551241748,3071,1124,China,2019-11-01,504293.02,25.0,9.0
8582,Hearthstone,2014-01-01,Collectible Card Game,29531545.82,18275169.29,0.61883551241748,3071,1124,China,2019-12-01,79271.2,81.0,7.0
8583,Hearthstone,2014-01-01,Collectible Card Game,29531545.82,18275169.29,0.61883551241748,3071,1124,China,2020-01-01,200.0,5.0,4.0
8584,Hearthstone,2014-01-01,Collectible Card Game,29531545.82,18275169.29,0.61883551241748,3071,1124,China,2020-02-01,505619.03,131.0,6.0
8585,Hearthstone,2014-01-01,Collectible Card Game,29531545.82,18275169.29,0.61883551241748,3071,1124,China,2020-03-01,505100.0,144.0,3.0
8586,Hearthstone,2014-01-01,Collectible Card Game,29531545.82,18275169.29,0.61883551241748,3071,1124,China,2020-04-01,208287.69,63.0,10.0
8587,Hearthstone,2014-01-01,Collectible Card Game,29531545.82,18275169.29,0.61883551241748,3071,1124,China,2020-05-01,80550.0,52.0,4.0
8588,Hearthstone,2014-01-01,Collectible Card Game,29531545.82,18275169.29,0.61883551241748,3071,1124,China,2020-06-01,513226.37,127.0,4.0
8589,Hearthstone,2014-01-01,Collectible Card Game,29531545.82,18275169.29,0.61883551241748,3071,1124,China,2020-07-01,507391.36,116.0,3.0
8590,Hearthstone,2014-01-01,Collectible Card Game,29531545.82,18275169.29,0.61883551241748,3071,1124,China,2020-08-01,401750.0,87.0,11.0
8591,Hearthstone,2014-01-01,Collectible Card Game,29531545.82,18275169.29,0.61883551241748,3071,1124,China,2020-09-01,508575.76,148.0,5.0
8592,Hearthstone,2014-01-01,Collectible Card Game,29531545.82,18275169.29,0.61883551241748,3071,1124,China,2020-10-01,510836.0,124.0,4.0
8593,Hearthstone,2014-01-01,Collectible Card Game,29531545.82,18275169.29,0.61883551241748,3071,1124,China,2020-11-01,2239.53,4.0,1.0
8594,Hearthstone,2014-01-01,Collectible Card Game,29531545.82,18275169.29,0.61883551241748,3071,1124,China,2020-12-01,537380.0,23.0,4.0
8595,Hearthstone,2014-01-01,Collectible Card Game,29531545.82,18275169.29,0.61883551241748,3071,1124,China,2021-01-01,1000.0,4.0,1.0
8596,Hearthstone,2014-01-01,Collectible Card Game,29531545.82,18275169.29,0.61883551241748,3071,1124,China,2021-03-01,250597.68,138.0,2.0
8597,Hearthstone,2014-01-01,Collectible Card Game,29531545.82,18275169.29,0.61883551241748,3071,1124,China,2021-04-01,194978.41,63.0,11.0
8598,Hearthstone,2014-01-01,Collectible Card Game,29531545.82,18275169.29,0.61883551241748,3071,1124,China,2021-05-01,507259.02,178.0,15.0
8599,Hearthstone,2014-01-01,Collectible Card Game,29531545.82,18275169.29,0.61883551241748,3071,1124,China,2021-06-01,250000.0,144.0,1.0
8600,Hearthstone,2014-01-01,Collectible Card Game,29531545.82,18275169.29,0.61883551241748,3071,1124,China,2021-07-01,20000.0,32.0,2.0
8601,Hearthstone,2014-01-01,Collectible Card Game,29531545.82,18275169.29,0.61883551241748,3071,1124,China,2021-08-01,390586.84,193.0,10.0
8602,Hearthstone,2014-01-01,Collectible Card Game,29531545.82,18275169.29,0.61883551241748,3071,1124,China,2021-09-01,258000.0,48.0,12.0
8603,Hearthstone,2014-01-01,Collectible Card Game,29531545.82,18275169.29,0.61883551241748,3071,1124,China,2021-10-01,319336.0,196.0,5.0
8604,Hearthstone,2014-01-01,Collectible Card Game,29531545.82,18275169.29,0.61883551241748,3071,1124,China,2021-11-01,251375.04,162.0,2.0
8605,Hearthstone,2014-01-01,Collectible Card Game,29531545.82,18275169.29,0.61883551241748,3071,1124,China,2021-12-01,500000.0,8.0,1.0
8606,Hearthstone,2014-01-01,Collectible Card Game,29531545.82,18275169.29,0.61883551241748,3071,1124,China,2022-02-01,321700.0,229.0,4.0
8607,Hearthstone,2014-01-01,Collectible Card Game,29531545.82,18275169.29,0.61883551241748,3071,1124,China,2022-03-01,430901.21,243.0,12.0
8608,Hearthstone,2014-01-01,Collectible Card Game,29531545.82,18275169.29,0.61883551241748,3071,1124,China,2022-04-01,4417.46,16.0,2.0
8609,Hearthstone,2014-01-01,Collectible Card Game,29531545.82,18275169.29,0.61883551241748,3071,1124,China,2022-05-01,254200.0,238.0,4.0
8610,Hearthstone,2014-01-01,Collectible Card Game,29531545.82,18275169.29,0.61883551241748,3071,1124,China,2022-06-01,50949.0,20.0,3.0
8611,Hearthstone,2014-01-01,Collectible Card Game,29531545.82,18275169.29,0.61883551241748,3071,1124,China,2022-07-01,270000.0,155.0,2.0
8612,Hearthstone,2014-01-01,Collectible Card Game,29531545.82,18275169.29,0.61883551241748,3071,1124,China,2022-08-01,400415.74,127.0,3.0
8613,Hearthstone,2014-01-01,Collectible Card Game,29531545.82,18275169.29,0.61883551241748,3071,1124,China,2022-10-01,306541.2,126.0,5.0
8614,Hearthstone,2014-01-01,Collectible Card Game,29531545.82,18275169.29,0.61883551241748,3071,1124,China,2022-12-01,500000.0,16.0,1.0
8615,Hearthstone,2014-01-01,Collectible Card Game,29531545.82,18275169.29,0.61883551241748,3071,1124,China,2023-04-01,50000.0,16.0,1.0
8616,Hearthstone,2014-01-01,Collectible Card Game,29531545.82,18275169.29,0.61883551241748,3071,1124,China,2023-05-01,1200.0,14.0,1.0
8865,Fortnite,2017-01-01,Battle Royale,169935795.99,48728256.19,0.286745096323717,7819,1735,United States of America,2018-02-01,8690.78,12.0,1.0
8866,Fortnite,2017-01-01,Battle Royale,169935795.99,48728256.19,0.286745096323717,7819,1735,United States of America,2018-03-01,13316.4,14.0,2.0
8867,Fortnite,2017-01-01,Battle Royale,169935795.99,48728256.19,0.286745096323717,7819,1735,United States of America,2018-04-01,60537.75,78.0,3.0
8868,Fortnite,2017-01-01,Battle Royale,169935795.99,48728256.19,0.286745096323717,7819,1735,United States of America,2018-05-01,52934.56,61.0,6.0
8869,Fortnite,2017-01-01,Battle Royale,169935795.99,48728256.19,0.286745096323717,7819,1735,United States of America,2018-06-01,115159.8,101.0,11.0
8870,Fortnite,2017-01-01,Battle Royale,169935795.99,48728256.19,0.286745096323717,7819,1735,United States of America,2018-07-01,2387370.12,219.0,26.0
8871,Fortnite,2017-01-01,Battle Royale,169935795.99,48728256.19,0.286745096323717,7819,1735,United States of America,2018-08-01,4180707.15,432.0,28.0
8872,Fortnite,2017-01-01,Battle Royale,169935795.99,48728256.19,0.286745096323717,7819,1735,United States of America,2018-09-01,2865985.77,250.0,24.0
8873,Fortnite,2017-01-01,Battle Royale,169935795.99,48728256.19,0.286745096323717,7819,1735,United States of America,2018-10-01,8898886.68,713.0,37.0
8874,Fortnite,2017-01-01,Battle Royale,169935795.99,48728256.19,0.286745096323717,7819,1735,United States of America,2018-11-01,167586.1,153.0,23.0
8875,Fortnite,2017-01-01,Battle Royale,169935795.99,48728256.19,0.286745096323717,7819,1735,United States of America,2018-12-01,1182561.89,311.0,18.0
8876,Fortnite,2017-01-01,Battle Royale,169935795.99,48728256.19,0.286745096323717,7819,1735,United States of America,2019-01-01,315778.46,69.0,12.0
8877,Fortnite,2017-01-01,Battle Royale,169935795.99,48728256.19,0.286745096323717,7819,1735,United States of America,2019-02-01,752876.79,210.0,23.0
8878,Fortnite,2017-01-01,Battle Royale,169935795.99,48728256.19,0.286745096323717,7819,1735,United States of America,2019-03-01,865055.56,668.0,31.0
8879,Fortnite,2017-01-01,Battle Royale,169935795.99,48728256.19,0.286745096323717,7819,1735,United States of America,2019-04-01,3606031.61,868.0,41.0
8880,Fortnite,2017-01-01,Battle Royale,169935795.99,48728256.19,0.286745096323717,7819,1735,United States of America,2019-05-01,4095331.48,806.0,41.0
8881,Fortnite,2017-01-01,Battle Royale,169935795.99,48728256.19,0.286745096323717,7819,1735,United States of America,2019-06-01,5100715.49,753.0,32.0
8882,Fortnite,2017-01-01,Battle Royale,169935795.99,48728256.19,0.286745096323717,7819,1735,United States of America,2019-07-01,36713555.9,857.0,33.0
8883,Fortnite,2017-01-01,Battle Royale,169935795.99,48728256.19,0.286745096323717,7819,1735,United States of America,2019-08-01,3470100.01,1011.0,56.0
8884,Fortnite,2017-01-01,Battle Royale,169935795.99,48728256.19,0.286745096323717,7819,1735,United States of America,2019-09-01,9377953.96,1341.0,97.0
8885,Fortnite,2017-01-01,Battle Royale,169935795.99,48728256.19,0.286745096323717,7819,1735,United States of America,2019-10-01,265831.86,228.0,21.0
8886,Fortnite,2017-01-01,Battle Royale,169935795.99,48728256.19,0.286745096323717,7819,1735,United States of America,2019-11-01,2191200.0,832.0,49.0
8887,Fortnite,2017-01-01,Battle Royale,169935795.99,48728256.19,0.286745096323717,7819,1735,United States of America,2019-12-01,13836847.89,1402.0,51.0
8888,Fortnite,2017-01-01,Battle Royale,169935795.99,48728256.19,0.286745096323717,7819,1735,United States of America,2020-01-01,240600.0,149.0,15.0
8889,Fortnite,2017-01-01,Battle Royale,169935795.99,48728256.19,0.286745096323717,7819,1735,United States of America,2020-02-01,517925.35,183.0,3.0
8890,Fortnite,2017-01-01,Battle Royale,169935795.99,48728256.19,0.286745096323717,7819,1735,United States of America,2020-03-01,388000.0,549.0,25.0
8891,Fortnite,2017-01-01,Battle Royale,169935795.99,48728256.19,0.286745096323717,7819,1735,United States of America,2020-04-01,2211455.0,1129.0,45.0
8892,Fortnite,2017-01-01,Battle Royale,169935795.99,48728256.19,0.286745096323717,7819,1735,United States of America,2020-05-01,2660900.0,642.0,34.0
8893,Fortnite,2017-01-01,Battle Royale,169935795.99,48728256.19,0.286745096323717,7819,1735,United States of America,2020-06-01,100000.0,66.0,3.0
8894,Fortnite,2017-01-01,Battle Royale,169935795.99,48728256.19,0.286745096323717,7819,1735,United States of America,2020-07-01,598950.0,381.0,39.0
8895,Fortnite,2017-01-01,Battle Royale,169935795.99,48728256.19,0.286745096323717,7819,1735,United States of America,2020-08-01,2636650.0,871.0,58.0
8896,Fortnite,2017-01-01,Battle Royale,169935795.99,48728256.19,0.286745096323717,7819,1735,United States of America,2020-09-01,665599.0,578.0,32.0
8897,Fortnite,2017-01-01,Battle Royale,169935795.99,48728256.19,0.286745096323717,7819,1735,United States of America,2020-10-01,1306715.0,855.0,40.0
8898,Fortnite,2017-01-01,Battle Royale,169935795.99,48728256.19,0.286745096323717,7819,1735,United States of America,2020-11-01,3837592.39,702.0,27.0
8899,Fortnite,2017-01-01,Battle Royale,169935795.99,48728256.19,0.286745096323717,7819,1735,United States of America,2020-12-01,224822.0,76.0,6.0
8900,Fortnite,2017-01-01,Battle Royale,169935795.99,48728256.19,0.286745096323717,7819,1735,United States of America,2021-01-01,260779.0,217.0,7.0
8901,Fortnite,2017-01-01,Battle Royale,169935795.99,48728256.19,0.286745096323717,7819,1735,United States of America,2021-02-01,50121.68,55.0,4.0
8902,Fortnite,2017-01-01,Battle Royale,169935795.99,48728256.19,0.286745096323717,7819,1735,United States of America,2021-03-01,3081120.0,486.0,13.0
8903,Fortnite,2017-01-01,Battle Royale,169935795.99,48728256.19,0.286745096323717,7819,1735,United States of America,2021-04-01,387991.6,274.0,24.0
8904,Fortnite,2017-01-01,Battle Royale,169935795.99,48728256.19,0.286745096323717,7819,1735,United States of America,2021-05-01,3340720.0,528.0,29.0
8905,Fortnite,2017-01-01,Battle Royale,169935795.99,48728256.19,0.286745096323717,7819,1735,United States of America,2021-06-01,2948800.02,369.0,28.0
8906,Fortnite,2017-01-01,Battle Royale,169935795.99,48728256.19,0.286745096323717,7819,1735,United States of America,2021-07-01,154085.0,84.0,5.0
8907,Fortnite,2017-01-01,Battle Royale,169935795.99,48728256.19,0.286745096323717,7819,1735,United States of America,2021-08-01,280150.0,131.0,11.0
8908,Fortnite,2017-01-01,Battle Royale,169935795.99,48728256.19,0.286745096323717,7819,1735,United States of America,2021-09-01,3463960.0,376.0,8.0
8909,Fortnite,2017-01-01,Battle Royale,169935795.99,48728256.19,0.286745096323717,7819,1735,United States of America,2021-10-01,3268135.0,384.0,16.0
8910,Fortnite,2017-01-01,Battle Royale,169935795.99,48728256.19,0.286745096323717,7819,1735,United States of America,2021-11-01,5321000.0,422.0,18.0
8911,Fortnite,2017-01-01,Battle Royale,169935795.99,48728256.19,0.286745096323717,7819,1735,United States of America,2022-01-01,282300.0,68.0,5.0
8912,Fortnite,2017-01-01,Battle Royale,169935795.99,48728256.19,0.286745096323717,7819,1735,United States of America,2022-02-01,155797.53,65.0,6.0
8913,Fortnite,2017-01-01,Battle Royale,169935795.99,48728256.19,0.286745096323717,7819,1735,United States of America,2022-03-01,3043885.87,218.0,9.0
8914,Fortnite,2017-01-01,Battle Royale,169935795.99,48728256.19,0.286745096323717,7819,1735,United States of America,2022-04-01,490300.0,447.0,37.0
8915,Fortnite,2017-01-01,Battle Royale,169935795.99,48728256.19,0.286745096323717,7819,1735,United States of America,2022-05-01,3536900.0,536.0,38.0
8916,Fortnite,2017-01-01,Battle Royale,169935795.99,48728256.19,0.286745096323717,7819,1735,United States of America,2022-06-01,376692.0,301.0,21.0
8917,Fortnite,2017-01-01,Battle Royale,169935795.99,48728256.19,0.286745096323717,7819,1735,United States of America,2022-07-01,2306200.0,336.0,33.0
8918,Fortnite,2017-01-01,Battle Royale,169935795.99,48728256.19,0.286745096323717,7819,1735,United States of America,2022-08-01,3430200.0,520.0,58.0
8919,Fortnite,2017-01-01,Battle Royale,169935795.99,48728256.19,0.286745096323717,7819,1735,United States of America,2022-09-01,642600.0,410.0,44.0
8920,Fortnite,2017-01-01,Battle Royale,169935795.99,48728256.19,0.286745096323717,7819,1735,United States of America,2022-10-01,1122945.22,473.0,40.0
8921,Fortnite,2017-01-01,Battle Royale,169935795.99,48728256.19,0.286745096323717,7819,1735,United States of America,2022-11-01,1554400.0,342.0,17.0
8922,Fortnite,2017-01-01,Battle Royale,169935795.99,48728256.19,0.286745096323717,7819,1735,United States of America,2022-12-01,1341635.86,241.0,10.0
8923,Fortnite,2017-01-01,Battle Royale,169935795.99,48728256.19,0.286745096323717,7819,1735,United States of America,2023-01-01,814964.0,918.0,49.0
8924,Fortnite,2017-01-01,Battle Royale,169935795.99,48728256.19,0.286745096323717,7819,1735,United States of America,2023-02-01,399358.0,403.0,20.0
8925,Fortnite,2017-01-01,Battle Royale,169935795.99,48728256.19,0.286745096323717,7819,1735,United States of America,2023-03-01,2808480.3,830.0,39.0
8926,Fortnite,2017-01-01,Battle Royale,169935795.99,48728256.19,0.286745096323717,7819,1735,United States of America,2023-04-01,432810.0,320.0,16.0
8927,Fortnite,2017-01-01,Battle Royale,169935795.99,48728256.19,0.286745096323717,7819,1735,United States of America,2023-05-01,2483960.0,606.0,31.0
8928,Fortnite,2017-01-01,Battle Royale,169935795.99,48728256.19,0.286745096323717,7819,1735,United States of America,2023-06-01,1143067.5,522.0,34.0
8929,Fortnite,2017-01-01,Battle Royale,169935795.99,48728256.19,0.286745096323717,7819,1735,United States of America,2023-07-01,2196526.66,277.0,16.0
8930,Fortnite,2017-01-01,Battle Royale,169935795.99,48728256.19,0.286745096323717,7819,1735,United States of America,2023-08-01,2660616.0,762.0,43.0
8931,Fortnite,2017-01-01,Battle Royale,169935795.99,48728256.19,0.286745096323717,7819,1735,United States of America,2023-09-01,226870.0,158.0,14.0
8932,Fortnite,2017-01-01,Battle Royale,169935795.99,48728256.19,0.286745096323717,7819,1735,United States of America,2023-10-01,14200.0,20.0,1.0
